Crew Mission Name,Name,EVA Number,Start Date,End Date,Duration,Moonwalk,Stand Up Only,Deep Space,Traveler launch date,Launching spacecraft,Destination
Voskhod 2,Alexei Leonov,1,18-Mar-65,18-Mar-65,00:12:09,FALSE,FALSE,FALSE,18-03-1965,Voskhod 2,Earth Orbit
Gemini 4,Ed White,2,03-Jun-65,03-Jun-65,00:20:00,FALSE,FALSE,FALSE,03-06-1965,Gemini 4,Earth Orbit
Gemini 9,Gene Cernan,3,05-Jun-66,05-Jun-66,02:07:00,FALSE,FALSE,FALSE,03-06-1966,Gemini 9,Earth Orbit
Gemini 10,Michael Collins,4,19-Jul-66,19-Jul-66,00:49:00,FALSE,FALSE,FALSE,18-07-1966,Gemini 10,Earth Orbit
Gemini 10,Michael Collins,5,20-Jul-66,20-Jul-66,00:39:00,FALSE,FALSE,FALSE,18-07-1966,Gemini 10,Earth Orbit
Gemini 11,Richard Gordon,6,13-Sep-66,13-Sep-66,00:33:00,FALSE,FALSE,FALSE,12-09-1966,Gemini 11,Earth Orbit
Gemini 11,Richard Gordon,7,14-Sep-66,14-Sep-66,02:08:00,FALSE,FALSE,FALSE,12-09-1966,Gemini 11,Earth Orbit
Gemini 12,Buzz Aldrin,8,12-Nov-66,12-Nov-66,02:29:00,FALSE,FALSE,FALSE,11-11-1966,Gemini 12,Earth Orbit
Gemini 12,Buzz Aldrin,9,13-Nov-66,13-Nov-66,02:06:00,FALSE,FALSE,FALSE,11-11-1966,Gemini 12,Earth Orbit
Gemini 12,Buzz Aldrin,10,14-Nov-66,14-Nov-66,00:55:00,FALSE,FALSE,FALSE,11-11-1966,Gemini 12,Earth Orbit
Soyuz 4/5,Yevgeny Khrunov,11,16-Jan-69,16-Jan-69,00:32:00,FALSE,FALSE,FALSE,15-01-1969,Soyuz 5,Earth Orbit
Soyuz 4/5,Aleksei Yeliseyev,11,16-Jan-69,16-Jan-69,00:32:00,FALSE,FALSE,FALSE,15-01-1969,Soyuz 5,Earth Orbit
Apollo 9,Rusty Schweickart,12,06-Mar-69,06-Mar-69,01:17:00,FALSE,FALSE,FALSE,03-03-1969,Apollo 9,Earth Orbit
Apollo 9,David Scott,12,06-Mar-69,06-Mar-69,01:17:00,FALSE,TRUE,FALSE,03-03-1969,Apollo 9,Earth Orbit
Apollo 11,Neil Armstrong,13,21-Jul-69,21-Jul-69,02:31:40,TRUE,FALSE,FALSE,16-07-1969,Apollo 11,Moon
Apollo 11,Buzz Aldrin,13,21-Jul-69,21-Jul-69,02:31:40,TRUE,FALSE,FALSE,16-07-1969,Apollo 11,Moon
Apollo 12,Pete Conrad,14,19-Nov-69,19-Nov-69,03:56:03,TRUE,FALSE,FALSE,14-11-1969,Apollo 12,Moon
Apollo 12,Alan Bean,14,19-Nov-69,19-Nov-69,03:56:03,TRUE,FALSE,FALSE,14-11-1969,Apollo 12,Moon
Apollo 12,Pete Conrad,15,20-Nov-69,20-Nov-69,03:49:15,TRUE,FALSE,FALSE,14-11-1969,Apollo 12,Moon
Apollo 12,Alan Bean,15,20-Nov-69,20-Nov-69,03:49:15,TRUE,FALSE,FALSE,14-11-1969,Apollo 12,Moon
Apollo 14,Alan Shepard,16,05-Feb-71,05-Feb-71,04:47:50,TRUE,FALSE,FALSE,31-01-1971,Apollo 14,Moon
Apollo 14,Edgar Mitchell,16,05-Feb-71,05-Feb-71,04:47:50,TRUE,FALSE,FALSE,31-01-1971,Apollo 14,Moon
Apollo 14,Alan Shepard,17,06-Feb-71,06-Feb-71,04:34:41,TRUE,FALSE,FALSE,31-01-1971,Apollo 14,Moon
Apollo 14,Edgar Mitchell,17,06-Feb-71,06-Feb-71,04:34:41,TRUE,FALSE,FALSE,31-01-1971,Apollo 14,Moon
Apollo 15,David Scott,18,31-Jul-71,31-Jul-71,00:33:07,FALSE,TRUE,FALSE,26-07-1971,Apollo 15,Moon
Apollo 15,David Scott,19,31-Jul-71,31-Jul-71,06:33:42,TRUE,FALSE,FALSE,26-07-1971,Apollo 15,Moon
Apollo 15,James Irwin,19,31-Jul-71,31-Jul-71,06:33:42,TRUE,FALSE,FALSE,26-07-1971,Apollo 15,Moon
Apollo 15,David Scott,20,01-Aug-71,01-Aug-71,07:12:14,TRUE,FALSE,FALSE,26-07-1971,Apollo 15,Moon
Apollo 15,James Irwin,20,01-Aug-71,01-Aug-71,07:12:14,TRUE,FALSE,FALSE,26-07-1971,Apollo 15,Moon
Apollo 15,David Scott,21,02-Aug-71,02-Aug-71,04:49:50,TRUE,FALSE,FALSE,26-07-1971,Apollo 15,Moon
Apollo 15,James Irwin,21,02-Aug-71,02-Aug-71,04:49:50,TRUE,FALSE,FALSE,26-07-1971,Apollo 15,Moon
Apollo 15,Alfred Worden,22,05-Aug-71,05-Aug-71,00:39:07,FALSE,FALSE,TRUE,26-07-1971,Apollo 15,Moon
Apollo 15,James Irwin,22,05-Aug-71,05-Aug-71,00:39:07,FALSE,TRUE,TRUE,26-07-1971,Apollo 15,Moon
Apollo 16,John Young,23,21-Apr-72,21-Apr-72,07:11:12,TRUE,FALSE,FALSE,16-04-1972,Apollo 16,Moon
Apollo 16,Charles Duke,23,21-Apr-72,21-Apr-72,07:11:12,TRUE,FALSE,FALSE,16-04-1972,Apollo 16,Moon
Apollo 16,John Young,24,22-Apr-72,22-Apr-72,07:23:09,TRUE,FALSE,FALSE,16-04-1972,Apollo 16,Moon
Apollo 16,Charles Duke,24,22-Apr-72,22-Apr-72,07:23:09,TRUE,FALSE,FALSE,16-04-1972,Apollo 16,Moon
Apollo 16,John Young,25,23-Apr-72,23-Apr-72,05:40:03,TRUE,FALSE,FALSE,16-04-1972,Apollo 16,Moon
Apollo 16,Charles Duke,25,23-Apr-72,23-Apr-72,05:40:03,TRUE,FALSE,FALSE,16-04-1972,Apollo 16,Moon
Apollo 16,Thomas Kenneth Mattingly II,26,25-Apr-72,25-Apr-72,01:23:42,FALSE,FALSE,TRUE,16-04-1972,Apollo 16,Moon
Apollo 16,Charles Duke,26,25-Apr-72,25-Apr-72,01:23:42,FALSE,TRUE,TRUE,16-04-1972,Apollo 16,Moon
Apollo 17,Gene Cernan,27,11-Dec-72,12-Dec-72,07:11:53,TRUE,FALSE,FALSE,07-12-1972,Apollo 17,Moon
Apollo 17,Harrison Schmitt,27,11-Dec-72,12-Dec-72,07:11:53,TRUE,FALSE,FALSE,07-12-1972,Apollo 17,Moon
Apollo 17,Gene Cernan,28,12-Dec-72,13-Dec-72,07:36:56,TRUE,FALSE,FALSE,07-12-1972,Apollo 17,Moon
Apollo 17,Harrison Schmitt,28,12-Dec-72,13-Dec-72,07:36:56,TRUE,FALSE,FALSE,07-12-1972,Apollo 17,Moon
Apollo 17,Gene Cernan,29,13-Dec-72,14-Dec-72,07:15:08,TRUE,FALSE,FALSE,07-12-1972,Apollo 17,Moon
Apollo 17,Harrison Schmitt,29,13-Dec-72,14-Dec-72,07:15:08,TRUE,FALSE,FALSE,07-12-1972,Apollo 17,Moon
Apollo 17,Ronald Evans,30,17-Dec-72,17-Dec-72,01:05:44,FALSE,FALSE,TRUE,07-12-1972,Apollo 17,Moon
Apollo 17,Harrison Schmitt,30,17-Dec-72,17-Dec-72,01:05:44,FALSE,TRUE,TRUE,07-12-1972,Apollo 17,Moon
Skylab 2 CM,Paul Weitz,31,26-May-73,26-May-73,00:40:00,FALSE,FALSE,FALSE,25-05-1973,Skylab 2,Other Space station
Skylab 2 - EVA 2,Pete Conrad,32,07-Jun-73,07-Jun-73,03:25:00,FALSE,FALSE,FALSE,25-05-1973,Skylab 2,Other Space station
Skylab 2 - EVA 2,Joseph Kerwin,32,07-Jun-73,07-Jun-73,03:25:00,FALSE,FALSE,FALSE,25-05-1973,Skylab 2,Other Space station
Skylab 2 - EVA 3,Pete Conrad,33,19-Jun-73,19-Jun-73,01:36:00,FALSE,FALSE,FALSE,25-05-1973,Skylab 2,Other Space station
Skylab 2 - EVA 3,Paul Weitz,33,19-Jun-73,19-Jun-73,01:36:00,FALSE,FALSE,FALSE,25-05-1973,Skylab 2,Other Space station
Skylab 3,Owen Garriott,34,06-Aug-73,07-Aug-73,06:31:00,FALSE,FALSE,FALSE,28-07-1973,Skylab 3,Other Space station
Skylab 3,Jack Lousma,34,06-Aug-73,07-Aug-73,06:31:00,FALSE,FALSE,FALSE,28-07-1973,Skylab 3,Other Space station
Skylab 3,Owen Garriott,35,24-Aug-73,24-Aug-73,04:31:00,FALSE,FALSE,FALSE,28-07-1973,Skylab 3,Other Space station
Skylab 3,Jack Lousma,35,24-Aug-73,24-Aug-73,04:31:00,FALSE,FALSE,FALSE,28-07-1973,Skylab 3,Other Space station
Skylab 3,Owen Garriott,36,22-Sep-73,22-Sep-73,02:41:00,FALSE,FALSE,FALSE,28-07-1973,Skylab 3,Other Space station
Skylab 3,Alan Bean,36,22-Sep-73,22-Sep-73,02:41:00,FALSE,FALSE,FALSE,28-07-1973,Skylab 3,Other Space station
Skylab 4,Edward Gibson,37,22-Nov-73,23-Nov-73,06:33:00,FALSE,FALSE,FALSE,16-11-1973,Skylab 4,Other Space station
Skylab 4,William Pogue,37,22-Nov-73,23-Nov-73,06:33:00,FALSE,FALSE,FALSE,16-11-1973,Skylab 4,Other Space station
Skylab 4,Gerald Carr,38,25-Dec-73,25-Dec-73,07:01:00,FALSE,FALSE,FALSE,16-11-1973,Skylab 4,Other Space station
Skylab 4,William Pogue,38,25-Dec-73,25-Dec-73,07:01:00,FALSE,FALSE,FALSE,16-11-1973,Skylab 4,Other Space station
Skylab 4,Gerald Carr,39,29-Dec-73,29-Dec-73,03:29:00,FALSE,FALSE,FALSE,16-11-1973,Skylab 4,Other Space station
Skylab 4,Edward Gibson,39,29-Dec-73,29-Dec-73,03:29:00,FALSE,FALSE,FALSE,16-11-1973,Skylab 4,Other Space station
Skylab 4,Gerald Carr,40,03-Feb-74,03-Feb-74,05:19:00,FALSE,FALSE,FALSE,16-11-1973,Skylab 4,Other Space station
Skylab 4,Edward Gibson,40,03-Feb-74,03-Feb-74,05:19:00,FALSE,FALSE,FALSE,16-11-1973,Skylab 4,Other Space station
Salyut 6 – PE-1,Yuri Romanenko,41,19-Dec-77,19-Dec-77,01:28:00,FALSE,TRUE,FALSE,10-12-1977,Soyuz 26,Other Space station
Salyut 6 – PE-1,Georgi Grechko,41,19-Dec-77,19-Dec-77,01:28:00,FALSE,FALSE,FALSE,10-12-1977,Soyuz 26,Other Space station
Salyut 6 – PE-2,Vladimir Kovalyonok,42,29-Jul-78,29-Jul-78,02:20:00,FALSE,TRUE,FALSE,15-06-1978,Soyuz 29,Other Space station
Salyut 6 – PE-2,Aleksandr Ivanchenkov,42,29-Jul-78,29-Jul-78,02:20:00,FALSE,FALSE,FALSE,15-06-1978,Soyuz 29,Other Space station
Salyut 6 – PE-3,Valery Ryumin,43,15-Aug-79,15-Aug-79,01:23:00,FALSE,FALSE,FALSE,25-02-1979,Soyuz 32,Other Space station
Salyut 6 – PE-3,Vladimir Lyakhov,43,15-Aug-79,15-Aug-79,01:23:00,FALSE,FALSE,FALSE,25-02-1979,Soyuz 32,Other Space station
Salyut 7 – PE-1,Anatoli Berezovoy,44,30-Jul-82,30-Jul-82,02:33:00,FALSE,TRUE,FALSE,13-05-1982,Soyuz T-5,Other Space station
Salyut 7 – PE-1,Valentin Lebedev,44,30-Jul-82,30-Jul-82,02:33:00,FALSE,FALSE,FALSE,13-05-1982,Soyuz T-5,Other Space station
STS-6,Story Musgrave,45,07-Apr-83,08-Apr-83,04:10:00,FALSE,FALSE,FALSE,04-04-1983,"STS-6, Challenger",Earth Orbit
STS-6,Donald Peterson,45,07-Apr-83,08-Apr-83,04:10:00,FALSE,FALSE,FALSE,04-04-1983,"STS-6, Challenger",Earth Orbit
Salyut 7 – PE-2,Vladimir Lyakhov,46,01-Nov-83,01-Nov-83,02:49:00,FALSE,FALSE,FALSE,27-06-1983,Soyuz T-9,Other Space station
Salyut 7 – PE-2,Aleksandr Pavlovich Aleksandrov,46,01-Nov-83,01-Nov-83,02:49:00,FALSE,FALSE,FALSE,27-06-1983,Soyuz T-9,Other Space station
Salyut 7 – PE-2,Vladimir Lyakhov,47,03-Nov-83,03-Nov-83,02:55:00,FALSE,FALSE,FALSE,27-06-1983,Soyuz T-9,Other Space station
Salyut 7 – PE-2,Aleksandr Pavlovich Aleksandrov,47,03-Nov-83,03-Nov-83,02:55:00,FALSE,FALSE,FALSE,27-06-1983,Soyuz T-9,Other Space station
STS-41-B,Bruce McCandless II,48,07-Feb-84,07-Feb-84,05:55:00,FALSE,FALSE,FALSE,03-02-1984,"41-B, Challenger",Earth Orbit
STS-41-B,Robert Stewart,48,07-Feb-84,07-Feb-84,05:55:00,FALSE,FALSE,FALSE,03-02-1984,"41-B, Challenger",Earth Orbit
STS-41-B,Bruce McCandless II,49,09-Feb-84,09-Feb-84,06:17:00,FALSE,FALSE,FALSE,03-02-1984,"41-B, Challenger",Earth Orbit
STS-41-B,Robert Stewart,49,09-Feb-84,09-Feb-84,06:17:00,FALSE,FALSE,FALSE,03-02-1984,"41-B, Challenger",Earth Orbit
STS-41-C,George Nelson,50,08-Apr-84,08-Apr-84,02:38:00,FALSE,FALSE,FALSE,06-04-1984,"41-C, Challenger",Earth Orbit
STS-41-C,James van Hoften,50,08-Apr-84,08-Apr-84,02:38:00,FALSE,FALSE,FALSE,06-04-1984,"41-C, Challenger",Earth Orbit
STS-41-C,George Nelson,51,11-Apr-84,11-Apr-84,06:44:00,FALSE,FALSE,FALSE,06-04-1984,"41-C, Challenger",Earth Orbit
STS-41-C,James van Hoften,51,11-Apr-84,11-Apr-84,06:44:00,FALSE,FALSE,FALSE,06-04-1984,"41-C, Challenger",Earth Orbit
Salyut 7 – PE-3,Leonid Kizim,52,23-Apr-84,23-Apr-84,04:15:00,FALSE,FALSE,FALSE,08-02-1984,Soyuz T-10B,Other Space station
Salyut 7 – PE-3,Vladimir Solovyov,52,23-Apr-84,23-Apr-84,04:15:00,FALSE,FALSE,FALSE,08-02-1984,Soyuz T-10B,Other Space station
Salyut 7 – PE-3,Leonid Kizim,53,26-Apr-84,26-Apr-84,05:00:00,FALSE,FALSE,FALSE,08-02-1984,Soyuz T-10B,Other Space station
Salyut 7 – PE-3,Vladimir Solovyov,53,26-Apr-84,26-Apr-84,05:00:00,FALSE,FALSE,FALSE,08-02-1984,Soyuz T-10B,Other Space station
Salyut 7 – PE-3,Leonid Kizim,54,29-Apr-84,29-Apr-84,02:45:00,FALSE,FALSE,FALSE,08-02-1984,Soyuz T-10B,Other Space station
Salyut 7 – PE-3,Vladimir Solovyov,54,29-Apr-84,29-Apr-84,02:45:00,FALSE,FALSE,FALSE,08-02-1984,Soyuz T-10B,Other Space station
Salyut 7 – PE-3,Leonid Kizim,55,03-May-84,04-May-84,02:45:00,FALSE,FALSE,FALSE,08-02-1984,Soyuz T-10B,Other Space station
Salyut 7 – PE-3,Vladimir Solovyov,55,03-May-84,04-May-84,02:45:00,FALSE,FALSE,FALSE,08-02-1984,Soyuz T-10B,Other Space station
Salyut 7 – PE-3,Leonid Kizim,56,18-May-84,18-May-84,03:05:00,FALSE,FALSE,FALSE,08-02-1984,Soyuz T-10B,Other Space station
Salyut 7 – PE-3,Vladimir Solovyov,56,18-May-84,18-May-84,03:05:00,FALSE,FALSE,FALSE,08-02-1984,Soyuz T-10B,Other Space station
Salyut 7 – PE-4,Svetlana Savitskaya,57,25-Jul-84,25-Jul-84,03:34:00,FALSE,FALSE,FALSE,17-07-1984,Soyuz T-12,Other Space station
Salyut 7 – PE-4,Vladimir Dzhanibekov,57,25-Jul-84,25-Jul-84,03:34:00,FALSE,FALSE,FALSE,17-07-1984,Soyuz T-12,Other Space station
Salyut 7 – PE-3,Leonid Kizim,58,08-Aug-84,08-Aug-84,05:00:00,FALSE,FALSE,FALSE,08-02-1984,Soyuz T-10B,Other Space station
Salyut 7 – PE-3,Vladimir Solovyov,58,08-Aug-84,08-Aug-84,05:00:00,FALSE,FALSE,FALSE,08-02-1984,Soyuz T-10B,Other Space station
STS-41-G,David Leestma,59,11-Oct-84,11-Oct-84,03:27:00,FALSE,FALSE,FALSE,05-10-1984,"41-G, Challenger",Earth Orbit
STS-41-G,Kathryn D. Sullivan,59,11-Oct-84,11-Oct-84,03:27:00,FALSE,FALSE,FALSE,05-10-1984,"41-G, Challenger",Earth Orbit
STS-51-A,Joseph P. Allen,60,12-Nov-84,12-Nov-84,06:00:00,FALSE,FALSE,FALSE,08-11-1984,"51-A, Discovery",Earth Orbit
STS-51-A,Dale Gardner,60,12-Nov-84,12-Nov-84,06:00:00,FALSE,FALSE,FALSE,08-11-1984,"51-A, Discovery",Earth Orbit
STS-51-A,Joseph P. Allen,61,14-Nov-84,14-Nov-84,05:42:00,FALSE,FALSE,FALSE,08-11-1984,"51-A, Discovery",Earth Orbit
STS-51-A,Dale Gardner,61,14-Nov-84,14-Nov-84,05:42:00,FALSE,FALSE,FALSE,08-11-1984,"51-A, Discovery",Earth Orbit
STS-51-D,Jeffrey Hoffman,62,16-Apr-85,16-Apr-85,03:06:00,FALSE,FALSE,FALSE,12-04-1985,"51-D, Discovery",Earth Orbit
STS-51-D,Stanley Griggs,62,16-Apr-85,16-Apr-85,03:06:00,FALSE,FALSE,FALSE,12-04-1985,"51-D, Discovery",Earth Orbit
Salyut 7 – PE-4,Vladimir Dzhanibekov,63,02-Aug-85,02-Aug-85,05:00:00,FALSE,FALSE,FALSE,06-06-1985,Soyuz T-13,Other Space station
Salyut 7 – PE-4,Viktor Savinykh,63,02-Aug-85,02-Aug-85,05:00:00,FALSE,FALSE,FALSE,06-06-1985,Soyuz T-13,Other Space station
STS-51-I,William Frederick Fisher,64,31-Aug-85,31-Aug-85,07:20:00,FALSE,FALSE,FALSE,27-08-1985,"51-I, Discovery",Earth Orbit
STS-51-I,James van Hoften,64,31-Aug-85,31-Aug-85,07:20:00,FALSE,FALSE,FALSE,27-08-1985,"51-I, Discovery",Earth Orbit
STS-51-I,William Frederick Fisher,65,01-Sep-85,01-Sep-85,04:26:00,FALSE,FALSE,FALSE,27-08-1985,"51-I, Discovery",Earth Orbit
STS-51-I,James van Hoften,65,01-Sep-85,01-Sep-85,04:26:00,FALSE,FALSE,FALSE,27-08-1985,"51-I, Discovery",Earth Orbit
STS-61-B,Jerry L. Ross,66,29-Nov-85,29-Nov-85,05:32:00,FALSE,FALSE,FALSE,27-11-1985,"61-B, Atlantis",Earth Orbit
STS-61-B,Sherwood Spring,66,29-Nov-85,29-Nov-85,05:32:00,FALSE,FALSE,FALSE,27-11-1985,"61-B, Atlantis",Earth Orbit
STS-61-B,Jerry L. Ross,67,01-Dec-85,01-Dec-85,06:41:00,FALSE,FALSE,FALSE,27-11-1985,"61-B, Atlantis",Earth Orbit
STS-61-B,Sherwood Spring,67,01-Dec-85,01-Dec-85,06:41:00,FALSE,FALSE,FALSE,27-11-1985,"61-B, Atlantis",Earth Orbit
Salyut 7 – PE-6,Leonid Kizim,68,28-May-86,28-May-86,03:50:00,FALSE,FALSE,FALSE,13-03-1986,Soyuz T-15,Mir
Salyut 7 – PE-6,Vladimir Solovyov,68,28-May-86,28-May-86,03:50:00,FALSE,FALSE,FALSE,13-03-1986,Soyuz T-15,Mir
Salyut 7 – PE-6,Leonid Kizim,69,31-May-86,31-May-86,05:00:00,FALSE,FALSE,FALSE,13-03-1986,Soyuz T-15,Mir
Salyut 7 – PE-6,Vladimir Solovyov,69,31-May-86,31-May-86,05:00:00,FALSE,FALSE,FALSE,13-03-1986,Soyuz T-15,Mir
Mir PE-2,Yuri Romanenko,70,11-Apr-87,11-Apr-87,03:40:00,FALSE,FALSE,FALSE,05-02-1987,Soyuz TM-2,Mir
Mir PE-2,Aleksandr Laveykin,70,11-Apr-87,11-Apr-87,03:40:00,FALSE,FALSE,FALSE,05-02-1987,Soyuz TM-2,Mir
Mir PE-2,Yuri Romanenko,71,12-Jun-87,12-Jun-87,01:53:00,FALSE,FALSE,FALSE,05-02-1987,Soyuz TM-2,Mir
Mir PE-2,Aleksandr Laveykin,71,12-Jun-87,12-Jun-87,01:53:00,FALSE,FALSE,FALSE,05-02-1987,Soyuz TM-2,Mir
Mir PE-2,Yuri Romanenko,72,16-Jun-87,16-Jun-87,03:15:00,FALSE,FALSE,FALSE,05-02-1987,Soyuz TM-2,Mir
Mir PE-2,Aleksandr Laveykin,72,16-Jun-87,16-Jun-87,03:15:00,FALSE,FALSE,FALSE,05-02-1987,Soyuz TM-2,Mir
Mir PE-3,Vladimir Titov,73,26-Feb-88,26-Feb-88,04:25:00,FALSE,FALSE,FALSE,21-12-1987,Soyuz TM-4,Mir
Mir PE-3,Musa Manarov,73,26-Feb-88,26-Feb-88,04:25:00,FALSE,FALSE,FALSE,21-12-1987,Soyuz TM-4,Mir
Mir PE-3,Vladimir Titov,74,30-Jun-88,30-Jun-88,05:10:00,FALSE,FALSE,FALSE,21-12-1987,Soyuz TM-4,Mir
Mir PE-3,Musa Manarov,74,30-Jun-88,30-Jun-88,05:10:00,FALSE,FALSE,FALSE,21-12-1987,Soyuz TM-4,Mir
Mir PE-3,Vladimir Titov,75,20-Oct-88,20-Oct-88,04:12:00,FALSE,FALSE,FALSE,21-12-1987,Soyuz TM-4,Mir
Mir PE-3,Musa Manarov,75,20-Oct-88,20-Oct-88,04:12:00,FALSE,FALSE,FALSE,21-12-1987,Soyuz TM-4,Mir
Mir PE-4,Aleksandr Volkov,76,09-Dec-88,09-Dec-88,06:00:00,FALSE,FALSE,FALSE,26-11-1988,Soyuz TM-7,Mir
Mir PE-4,Jean-Loup Chrétien,76,09-Dec-88,09-Dec-88,06:00:00,FALSE,FALSE,FALSE,26-11-1988,Soyuz TM-7,Mir
Mir PE-5,Aleksandr Viktorenko,77,08-Jan-90,08-Jan-90,02:56:00,FALSE,FALSE,FALSE,05-09-1989,Soyuz TM-8,Mir
Mir PE-5,Aleksandr Serebrov,77,08-Jan-90,08-Jan-90,02:56:00,FALSE,FALSE,FALSE,05-09-1989,Soyuz TM-8,Mir
Mir PE-5,Aleksandr Viktorenko,78,11-Jan-90,11-Jan-90,02:54:00,FALSE,FALSE,FALSE,05-09-1989,Soyuz TM-8,Mir
Mir PE-5,Aleksandr Serebrov,78,11-Jan-90,11-Jan-90,02:54:00,FALSE,FALSE,FALSE,05-09-1989,Soyuz TM-8,Mir
Mir PE-5,Aleksandr Viktorenko,79,26-Jan-90,26-Jan-90,03:02:00,FALSE,FALSE,FALSE,05-09-1989,Soyuz TM-8,Mir
Mir PE-5,Aleksandr Serebrov,79,26-Jan-90,26-Jan-90,03:02:00,FALSE,FALSE,FALSE,05-09-1989,Soyuz TM-8,Mir
Mir PE-5,Aleksandr Viktorenko,80,01-Feb-90,01-Feb-90,04:59:00,FALSE,FALSE,FALSE,05-09-1989,Soyuz TM-8,Mir
Mir PE-5,Aleksandr Serebrov,80,01-Feb-90,01-Feb-90,04:59:00,FALSE,FALSE,FALSE,05-09-1989,Soyuz TM-8,Mir
Mir PE-5,Aleksandr Viktorenko,81,05-Feb-90,05-Feb-90,03:45:00,FALSE,FALSE,FALSE,05-09-1989,Soyuz TM-8,Mir
Mir PE-5,Aleksandr Serebrov,81,05-Feb-90,05-Feb-90,03:45:00,FALSE,FALSE,FALSE,05-09-1989,Soyuz TM-8,Mir
Mir PE-6,Anatoly Solovyev,82,17-Jul-90,17-Jul-90,07:16:00,FALSE,FALSE,FALSE,11-02-1990,Soyuz TM-9,Mir
Mir PE-6,Aleksandr Balandin,82,17-Jul-90,17-Jul-90,07:16:00,FALSE,FALSE,FALSE,11-02-1990,Soyuz TM-9,Mir
Mir PE-6,Anatoly Solovyev,83,26-Jul-90,26-Jul-90,03:31:00,FALSE,FALSE,FALSE,11-02-1990,Soyuz TM-9,Mir
Mir PE-6,Aleksandr Balandin,83,26-Jul-90,26-Jul-90,03:31:00,FALSE,FALSE,FALSE,11-02-1990,Soyuz TM-9,Mir
Mir PE-7,Gennadi Manakov,84,29-Oct-90,30-Oct-90,02:45:00,FALSE,FALSE,FALSE,01-08-1990,Soyuz TM-10,Mir
Mir PE-7,Gennadi Strekalov,84,29-Oct-90,30-Oct-90,02:45:00,FALSE,FALSE,FALSE,01-08-1990,Soyuz TM-10,Mir
Mir PE-8,Viktor M. Afanasyev,85,07-Jan-91,07-Jan-91,05:18:00,FALSE,FALSE,FALSE,02-12-1990,Soyuz TM-11,Mir
Mir PE-8,Musa Manarov,85,07-Jan-91,07-Jan-91,05:18:00,FALSE,FALSE,FALSE,02-12-1990,Soyuz TM-11,Mir
Mir PE-8,Viktor M. Afanasyev,86,23-Jan-91,23-Jan-91,05:33:00,FALSE,FALSE,FALSE,02-12-1990,Soyuz TM-11,Mir
Mir PE-8,Musa Manarov,86,23-Jan-91,23-Jan-91,05:33:00,FALSE,FALSE,FALSE,02-12-1990,Soyuz TM-11,Mir
Mir PE-8,Viktor M. Afanasyev,87,26-Jan-91,26-Jan-91,06:20:00,FALSE,FALSE,FALSE,02-12-1990,Soyuz TM-11,Mir
Mir PE-8,Musa Manarov,87,26-Jan-91,26-Jan-91,06:20:00,FALSE,FALSE,FALSE,02-12-1990,Soyuz TM-11,Mir
STS-37,Jerry L. Ross,88,07-Apr-91,07-Apr-91,04:26:00,FALSE,FALSE,FALSE,05-04-1991,"STS-37, Atlantis",Earth Orbit
STS-37,Jerome Apt,88,07-Apr-91,07-Apr-91,04:26:00,FALSE,FALSE,FALSE,05-04-1991,"STS-37, Atlantis",Earth Orbit
STS-37,Jerry L. Ross,89,08-Apr-91,08-Apr-91,05:47:00,FALSE,FALSE,FALSE,05-04-1991,"STS-37, Atlantis",Earth Orbit
STS-37,Jerome Apt,89,08-Apr-91,08-Apr-91,05:47:00,FALSE,FALSE,FALSE,05-04-1991,"STS-37, Atlantis",Earth Orbit
Mir PE-8,Viktor M. Afanasyev,90,25-Apr-91,26-Apr-91,03:34:00,FALSE,FALSE,FALSE,02-12-1990,Soyuz TM-11,Mir
Mir PE-8,Musa Manarov,90,25-Apr-91,26-Apr-91,03:34:00,FALSE,FALSE,FALSE,02-12-1990,Soyuz TM-11,Mir
Mir PE-9,Anatoly Artsebarsky,91,24-Jun-91,25-Jun-91,04:58:00,FALSE,FALSE,FALSE,18-05-1991,Soyuz TM-12,Mir
Mir PE-9,Sergei Krikalev,91,24-Jun-91,25-Jun-91,04:58:00,FALSE,FALSE,FALSE,18-05-1991,Soyuz TM-12,Mir
Mir PE-9,Anatoly Artsebarsky,92,28-Jun-91,28-Jun-91,03:24:00,FALSE,FALSE,FALSE,18-05-1991,Soyuz TM-12,Mir
Mir PE-9,Sergei Krikalev,92,28-Jun-91,28-Jun-91,03:24:00,FALSE,FALSE,FALSE,18-05-1991,Soyuz TM-12,Mir
Mir PE-9,Anatoly Artsebarsky,93,15-Jul-91,15-Jul-91,05:56:00,FALSE,FALSE,FALSE,18-05-1991,Soyuz TM-12,Mir
Mir PE-9,Sergei Krikalev,93,15-Jul-91,15-Jul-91,05:56:00,FALSE,FALSE,FALSE,18-05-1991,Soyuz TM-12,Mir
Mir PE-9,Anatoly Artsebarsky,94,19-Jul-91,19-Jul-91,05:28:00,FALSE,FALSE,FALSE,18-05-1991,Soyuz TM-12,Mir
Mir PE-9,Sergei Krikalev,94,19-Jul-91,19-Jul-91,05:28:00,FALSE,FALSE,FALSE,18-05-1991,Soyuz TM-12,Mir
Mir PE-9,Anatoly Artsebarsky,95,23-Jul-91,23-Jul-91,05:42:00,FALSE,FALSE,FALSE,18-05-1991,Soyuz TM-12,Mir
Mir PE-9,Sergei Krikalev,95,23-Jul-91,23-Jul-91,05:42:00,FALSE,FALSE,FALSE,18-05-1991,Soyuz TM-12,Mir
Mir PE-9,Anatoly Artsebarsky,96,27-Jul-91,27-Jul-91,06:49:00,FALSE,FALSE,FALSE,18-05-1991,Soyuz TM-12,Mir
Mir PE-9,Sergei Krikalev,96,27-Jul-91,27-Jul-91,06:49:00,FALSE,FALSE,FALSE,18-05-1991,Soyuz TM-12,Mir
Mir PE-10,Aleksandr Volkov,97,20-Feb-92,21-Feb-92,04:12:00,FALSE,FALSE,FALSE,02-10-1991,Soyuz TM-13,Mir
Mir PE-10,Sergei Krikalev,97,20-Feb-92,21-Feb-92,04:12:00,FALSE,FALSE,FALSE,18-05-1991,Soyuz TM-12,Mir
STS-49,Pierre Thuot,98,10-May-92,11-May-92,03:43:00,FALSE,FALSE,FALSE,07-05-1992,"STS-49, Endeavour",Earth Orbit
STS-49,Richard Hieb,98,10-May-92,11-May-92,03:43:00,FALSE,FALSE,FALSE,07-05-1992,"STS-49, Endeavour",Earth Orbit
STS-49,Pierre Thuot,99,11-May-92,12-May-92,05:30:00,FALSE,FALSE,FALSE,07-05-1992,"STS-49, Endeavour",Earth Orbit
STS-49,Richard Hieb,99,11-May-92,12-May-92,05:30:00,FALSE,FALSE,FALSE,07-05-1992,"STS-49, Endeavour",Earth Orbit
STS-49,Pierre Thuot,100,13-May-92,14-May-92,08:29:00,FALSE,FALSE,FALSE,07-05-1992,"STS-49, Endeavour",Earth Orbit
STS-49,Richard Hieb,100,13-May-92,14-May-92,08:29:00,FALSE,FALSE,FALSE,07-05-1992,"STS-49, Endeavour",Earth Orbit
STS-49,Thomas Akers,100,13-May-92,14-May-92,08:29:00,FALSE,FALSE,FALSE,07-05-1992,"STS-49, Endeavour",Earth Orbit
STS-49,Thomas Akers,101,14-May-92,15-May-92,07:45:00,FALSE,FALSE,FALSE,07-05-1992,"STS-49, Endeavour",Earth Orbit
STS-49,Kathryn C. Thornton,101,14-May-92,15-May-92,07:45:00,FALSE,FALSE,FALSE,07-05-1992,"STS-49, Endeavour",Earth Orbit
Mir PE-11,Aleksandr Viktorenko,102,08-Jul-92,08-Jul-92,02:03:00,FALSE,FALSE,FALSE,17-03-1992,Soyuz TM-14,Mir
Mir PE-11,Alexsandr Kaleri,102,08-Jul-92,08-Jul-92,02:03:00,FALSE,FALSE,FALSE,17-03-1992,Soyuz TM-14,Mir
Mir PE-12,Sergei Avdeyev,103,03-Sep-92,03-Sep-92,03:56:00,FALSE,FALSE,FALSE,27-07-1992,Soyuz TM-15,Mir
Mir PE-12,Anatoly Solovyev,103,03-Sep-92,03-Sep-92,03:56:00,FALSE,FALSE,FALSE,27-07-1992,Soyuz TM-15,Mir
Mir PE-12,Sergei Avdeyev,104,07-Sep-92,07-Sep-92,05:08:00,FALSE,FALSE,FALSE,27-07-1992,Soyuz TM-15,Mir
Mir PE-12,Anatoly Solovyev,104,07-Sep-92,07-Sep-92,05:08:00,FALSE,FALSE,FALSE,27-07-1992,Soyuz TM-15,Mir
Mir PE-12,Sergei Avdeyev,105,11-Sep-92,11-Sep-92,05:44:00,FALSE,FALSE,FALSE,27-07-1992,Soyuz TM-15,Mir
Mir PE-12,Anatoly Solovyev,105,11-Sep-92,11-Sep-92,05:44:00,FALSE,FALSE,FALSE,27-07-1992,Soyuz TM-15,Mir
Mir PE-12,Sergei Avdeyev,106,15-Sep-92,15-Sep-92,03:33:00,FALSE,FALSE,FALSE,27-07-1992,Soyuz TM-15,Mir
Mir PE-12,Anatoly Solovyev,106,15-Sep-92,15-Sep-92,03:33:00,FALSE,FALSE,FALSE,27-07-1992,Soyuz TM-15,Mir
STS-54,Gregory Harbaugh,107,17-Jan-93,17-Jan-93,04:28:00,FALSE,FALSE,FALSE,13-01-1993,"STS-54, Endeavour",Earth Orbit
STS-54,Mario Runco,107,17-Jan-93,17-Jan-93,04:28:00,FALSE,FALSE,FALSE,13-01-1993,"STS-54, Endeavour",Earth Orbit
Mir PE-13,Gennadi Manakov,108,19-Apr-93,19-Apr-93,05:25:00,FALSE,FALSE,FALSE,24-01-1993,Soyuz TM-16,Mir
Mir PE-13,Aleksandr Poleshchuk,108,19-Apr-93,19-Apr-93,05:25:00,FALSE,FALSE,FALSE,24-01-1993,Soyuz TM-16,Mir
Mir PE-13,Gennadi Manakov,109,18-Jun-93,18-Jun-93,04:33:00,FALSE,FALSE,FALSE,24-01-1993,Soyuz TM-16,Mir
Mir PE-13,Aleksandr Poleshchuk,109,18-Jun-93,18-Jun-93,04:33:00,FALSE,FALSE,FALSE,24-01-1993,Soyuz TM-16,Mir
STS-57,G. David Low,110,25-Jun-93,25-Jun-93,05:50:00,FALSE,FALSE,FALSE,21-06-1993,"STS-57, Endeavour",Earth Orbit
STS-57,Peter Wisoff,110,25-Jun-93,25-Jun-93,05:50:00,FALSE,FALSE,FALSE,21-06-1993,"STS-57, Endeavour",Earth Orbit
Mir PE-14,Vasily Tsibliyev,111,16-Sep-93,16-Sep-93,04:19:00,FALSE,FALSE,FALSE,01-07-1993,Soyuz TM-17,Mir
Mir PE-14,Aleksandr Serebrov,111,16-Sep-93,16-Sep-93,04:19:00,FALSE,FALSE,FALSE,01-07-1993,Soyuz TM-17,Mir
STS-51,James H. Newman,112,16-Sep-93,16-Sep-93,07:05:00,FALSE,FALSE,FALSE,12-09-1993,"STS-51, Discovery",Earth Orbit
STS-51,Carl E. Walz,112,16-Sep-93,16-Sep-93,07:05:00,FALSE,FALSE,FALSE,12-09-1993,"STS-51, Discovery",Earth Orbit
Mir PE-14,Vasily Tsibliyev,113,20-Sep-93,20-Sep-93,03:13:50,FALSE,FALSE,FALSE,01-07-1993,Soyuz TM-17,Mir
Mir PE-14,Aleksandr Serebrov,113,20-Sep-93,20-Sep-93,03:13:50,FALSE,FALSE,FALSE,01-07-1993,Soyuz TM-17,Mir
Mir PE-14,Vasily Tsibliyev,114,28-Sep-93,28-Sep-93,01:51:00,FALSE,FALSE,FALSE,01-07-1993,Soyuz TM-17,Mir
Mir PE-14,Aleksandr Serebrov,114,28-Sep-93,28-Sep-93,01:51:00,FALSE,FALSE,FALSE,01-07-1993,Soyuz TM-17,Mir
Mir PE-14,Vasily Tsibliyev,115,22-Oct-93,22-Oct-93,00:38:00,FALSE,FALSE,FALSE,01-07-1993,Soyuz TM-17,Mir
Mir PE-14,Aleksandr Serebrov,115,22-Oct-93,22-Oct-93,00:38:00,FALSE,FALSE,FALSE,01-07-1993,Soyuz TM-17,Mir
Mir PE-14,Vasily Tsibliyev,116,29-Oct-93,29-Oct-93,04:12:00,FALSE,FALSE,FALSE,01-07-1993,Soyuz TM-17,Mir
Mir PE-14,Aleksandr Serebrov,116,29-Oct-93,29-Oct-93,04:12:00,FALSE,FALSE,FALSE,01-07-1993,Soyuz TM-17,Mir
STS-61,Story Musgrave,117,05-Dec-93,05-Dec-93,07:54:00,FALSE,FALSE,FALSE,02-12-1993,"STS-61, Endeavour",Earth Orbit
STS-61,Jeffrey Hoffman,117,05-Dec-93,05-Dec-93,07:54:00,FALSE,FALSE,FALSE,02-12-1993,"STS-61, Endeavour",Earth Orbit
STS-61,Kathryn C. Thornton,118,06-Dec-93,06-Dec-93,06:36:00,FALSE,FALSE,FALSE,02-12-1993,"STS-61, Endeavour",Earth Orbit
STS-61,Thomas Akers,118,06-Dec-93,06-Dec-93,06:36:00,FALSE,FALSE,FALSE,02-12-1993,"STS-61, Endeavour",Earth Orbit
STS-61,Story Musgrave,119,07-Dec-93,07-Dec-93,06:47:00,FALSE,FALSE,FALSE,02-12-1993,"STS-61, Endeavour",Earth Orbit
STS-61,Jeffrey Hoffman,119,07-Dec-93,07-Dec-93,06:47:00,FALSE,FALSE,FALSE,02-12-1993,"STS-61, Endeavour",Earth Orbit
STS-61,Kathryn C. Thornton,120,08-Dec-93,08-Dec-93,06:50:00,FALSE,FALSE,FALSE,02-12-1993,"STS-61, Endeavour",Earth Orbit
STS-61,Thomas Akers,120,08-Dec-93,08-Dec-93,06:50:00,FALSE,FALSE,FALSE,02-12-1993,"STS-61, Endeavour",Earth Orbit
STS-61,Story Musgrave,121,09-Dec-93,09-Dec-93,07:21:00,FALSE,FALSE,FALSE,02-12-1993,"STS-61, Endeavour",Earth Orbit
STS-61,Jeffrey Hoffman,121,09-Dec-93,09-Dec-93,07:21:00,FALSE,FALSE,FALSE,02-12-1993,"STS-61, Endeavour",Earth Orbit
Mir PE-16,Yuri Malenchenko,122,09-Sep-94,09-Sep-94,05:04:00,FALSE,FALSE,FALSE,01-07-1994,Soyuz TM-19,Mir
Mir PE-16,Yuri Malenchenko,123,13-Sep-94,13-Sep-94,06:01:00,FALSE,FALSE,FALSE,01-07-1994,Soyuz TM-19,Mir
STS-64,Mark C. Lee,124,16-Sep-94,16-Sep-94,06:51:00,FALSE,FALSE,FALSE,09-09-1994,"STS-64, Discovery",Earth Orbit
Mir PE-16,Talgat Musabayev,122,09-Sep-94,09-Sep-94,05:04:00,FALSE,FALSE,FALSE,01-07-1994,Soyuz TM-19,Mir
Mir PE-16,Talgat Musabayev,123,13-Sep-94,13-Sep-94,06:01:00,FALSE,FALSE,FALSE,01-07-1994,Soyuz TM-19,Mir
STS-64,Carl Meade,124,16-Sep-94,16-Sep-94,06:51:00,FALSE,FALSE,FALSE,09-09-1994,"STS-64, Discovery",Earth Orbit
STS-63,Michael Foale,125,09-Feb-95,09-Feb-95,04:39:00,FALSE,FALSE,FALSE,03-02-1995,"STS-63, Discovery",Earth Orbit
STS-63,Bernard Harris,125,09-Feb-95,09-Feb-95,04:39:00,FALSE,FALSE,FALSE,03-02-1995,"STS-63, Discovery",Earth Orbit
Mir PE-18,Vladimir N. Dezhurov,126,12-May-95,12-May-95,06:14:32,FALSE,FALSE,FALSE,14-03-1995,Soyuz TM-21,Mir
Mir PE-18,Gennadi Strekalov,126,12-May-95,12-May-95,06:14:32,FALSE,FALSE,FALSE,14-03-1995,Soyuz TM-21,Mir
Mir PE-18,Vladimir N. Dezhurov,127,17-May-95,17-May-95,06:42:00,FALSE,FALSE,FALSE,14-03-1995,Soyuz TM-21,Mir
Mir PE-18,Gennadi Strekalov,127,17-May-95,17-May-95,06:42:00,FALSE,FALSE,FALSE,14-03-1995,Soyuz TM-21,Mir
Mir PE-18,Vladimir N. Dezhurov,128,22-May-95,22-May-95,05:14:51,FALSE,FALSE,FALSE,14-03-1995,Soyuz TM-21,Mir
Mir PE-18,Gennadi Strekalov,128,22-May-95,22-May-95,05:14:51,FALSE,FALSE,FALSE,14-03-1995,Soyuz TM-21,Mir
Mir PE-18,Vladimir N. Dezhurov,129,28-May-95,28-May-95,00:21:00,FALSE,FALSE,FALSE,14-03-1995,Soyuz TM-21,Mir
Mir PE-18,Gennadi Strekalov,129,28-May-95,28-May-95,00:21:00,FALSE,FALSE,FALSE,14-03-1995,Soyuz TM-21,Mir
Mir PE-18,Vladimir N. Dezhurov,130,01-Jun-95,01-Jun-95,00:22:50,FALSE,FALSE,FALSE,14-03-1995,Soyuz TM-21,Mir
Mir PE-18,Gennadi Strekalov,130,01-Jun-95,01-Jun-95,00:22:50,FALSE,FALSE,FALSE,14-03-1995,Soyuz TM-21,Mir
Mir PE-19,Anatoly Solovyev,131,14-Jul-95,14-Jul-95,05:34:00,FALSE,FALSE,FALSE,27-06-1995,"STS-71, Atlantis",Mir
Mir PE-19,Nikolai Budarin,131,14-Jul-95,14-Jul-95,05:34:00,FALSE,FALSE,FALSE,27-06-1995,"STS-71, Atlantis",Mir
Mir PE-19,Anatoly Solovyev,132,19-Jul-95,19-Jul-95,03:08:00,FALSE,FALSE,FALSE,27-06-1995,"STS-71, Atlantis",Mir
Mir PE-19,Nikolai Budarin,132,19-Jul-95,19-Jul-95,03:08:00,FALSE,FALSE,FALSE,27-06-1995,"STS-71, Atlantis",Mir
Mir PE-19,Anatoly Solovyev,133,21-Jul-95,21-Jul-95,05:50:00,FALSE,FALSE,FALSE,27-06-1995,"STS-71, Atlantis",Mir
Mir PE-19,Nikolai Budarin,133,21-Jul-95,21-Jul-95,05:50:00,FALSE,FALSE,FALSE,27-06-1995,"STS-71, Atlantis",Mir
STS-69,James S. Voss,134,16-Sep-95,16-Sep-95,06:46:00,FALSE,FALSE,FALSE,07-09-1995,"STS-69, Endeavour",Earth Orbit
STS-69,Michael Gernhardt,134,16-Sep-95,16-Sep-95,06:46:00,FALSE,FALSE,FALSE,07-09-1995,"STS-69, Endeavour",Earth Orbit
Mir PE-20,Sergei Avdeyev,135,20-Oct-95,20-Oct-95,05:16:00,FALSE,FALSE,FALSE,03-09-1995,Soyuz TM-22,Mir
Mir PE-20,Thomas Reiter,135,20-Oct-95,20-Oct-95,05:16:00,FALSE,FALSE,FALSE,03-09-1995,Soyuz TM-22,Mir
Mir PE-20,Sergei Avdeyev,136,08-Dec-95,08-Dec-95,00:29:00,FALSE,FALSE,FALSE,03-09-1995,Soyuz TM-22,Mir
Mir PE-20,Yuri Gidzenko,136,08-Dec-95,08-Dec-95,00:29:00,FALSE,FALSE,FALSE,03-09-1995,Soyuz TM-22,Mir
STS-72,Leroy Chiao,137,15-Jan-96,15-Jan-96,06:09:00,FALSE,FALSE,FALSE,11-01-1996,"STS-72, Endeavour",Earth Orbit
STS-72,Daniel Barry,137,15-Jan-96,15-Jan-96,06:09:00,FALSE,FALSE,FALSE,11-01-1996,"STS-72, Endeavour",Earth Orbit
STS-72,Leroy Chiao,138,17-Jan-96,17-Jan-96,06:54:00,FALSE,FALSE,FALSE,11-01-1996,"STS-72, Endeavour",Earth Orbit
STS-72,Winston Scott,138,17-Jan-96,17-Jan-96,06:54:00,FALSE,FALSE,FALSE,11-01-1996,"STS-72, Endeavour",Earth Orbit
Mir PE-20,Thomas Reiter,139,08-Feb-96,08-Feb-96,03:05:00,FALSE,FALSE,FALSE,03-09-1995,Soyuz TM-22,Mir
Mir PE-20,Yuri Gidzenko,139,08-Feb-96,08-Feb-96,03:05:00,FALSE,FALSE,FALSE,03-09-1995,Soyuz TM-22,Mir
Mir PE-21,Yuri Onufrienko,140,15-Mar-96,15-Mar-96,05:51:00,FALSE,FALSE,FALSE,21-02-1996,Soyuz TM-23,Mir
Mir PE-21,Yury Usachov,140,15-Mar-96,15-Mar-96,05:51:00,FALSE,FALSE,FALSE,21-02-1996,Soyuz TM-23,Mir
STS-76/Mir PE-21,Michael Clifford,141,27-Mar-96,27-Mar-96,06:02:00,FALSE,FALSE,FALSE,22-03-1996,"STS-76, Atlantis",Mir
STS-76/Mir PE-21,Linda Godwin,141,27-Mar-96,27-Mar-96,06:02:00,FALSE,FALSE,FALSE,22-03-1996,"STS-76, Atlantis",Mir
Mir PE-21,Yuri Onufrienko,142,20-May-96,21-May-96,05:20:00,FALSE,FALSE,FALSE,21-02-1996,Soyuz TM-23,Mir
Mir PE-21,Yury Usachov,142,20-May-96,21-May-96,05:20:00,FALSE,FALSE,FALSE,21-02-1996,Soyuz TM-23,Mir
Mir PE-21,Yuri Onufrienko,143,24-May-96,25-May-96,05:43:00,FALSE,FALSE,FALSE,21-02-1996,Soyuz TM-23,Mir
Mir PE-21,Yury Usachov,143,24-May-96,25-May-96,05:43:00,FALSE,FALSE,FALSE,21-02-1996,Soyuz TM-23,Mir
Mir PE-21,Yuri Onufrienko,144,30-May-96,30-May-96,04:20:00,FALSE,FALSE,FALSE,21-02-1996,Soyuz TM-23,Mir
Mir PE-21,Yury Usachov,144,30-May-96,30-May-96,04:20:00,FALSE,FALSE,FALSE,21-02-1996,Soyuz TM-23,Mir
Mir PE-21,Yuri Onufrienko,145,06-Jun-96,06-Jun-96,03:34:00,FALSE,FALSE,FALSE,21-02-1996,Soyuz TM-23,Mir
Mir PE-21,Yury Usachov,145,06-Jun-96,06-Jun-96,03:34:00,FALSE,FALSE,FALSE,21-02-1996,Soyuz TM-23,Mir
Mir PE-21,Yuri Onufrienko,146,13-Jun-96,13-Jun-96,05:42:00,FALSE,FALSE,FALSE,21-02-1996,Soyuz TM-23,Mir
Mir PE-21,Yury Usachov,146,13-Jun-96,13-Jun-96,05:42:00,FALSE,FALSE,FALSE,21-02-1996,Soyuz TM-23,Mir
Mir PE-22,Valery Korzun,147,02-Dec-96,02-Dec-96,05:57:00,FALSE,FALSE,FALSE,17-08-1996,Soyuz TM-24,Mir
Mir PE-22,Alexsandr Kaleri,147,02-Dec-96,02-Dec-96,05:57:00,FALSE,FALSE,FALSE,17-08-1996,Soyuz TM-24,Mir
Mir PE-22,Valery Korzun,148,09-Dec-96,09-Dec-96,06:36:00,FALSE,FALSE,FALSE,17-08-1996,Soyuz TM-24,Mir
Mir PE-22,Alexsandr Kaleri,148,09-Dec-96,09-Dec-96,06:36:00,FALSE,FALSE,FALSE,17-08-1996,Soyuz TM-24,Mir
STS-82,Mark C. Lee,149,14-Feb-97,14-Feb-97,06:42:00,FALSE,FALSE,FALSE,11-02-1997,"STS-82, Discovery",Earth Orbit
STS-82,Steven Smith,149,14-Feb-97,14-Feb-97,06:42:00,FALSE,FALSE,FALSE,11-02-1997,"STS-82, Discovery",Earth Orbit
STS-82,Gregory Harbaugh,150,15-Feb-97,15-Feb-97,07:27:00,FALSE,FALSE,FALSE,11-02-1997,"STS-82, Discovery",Earth Orbit
STS-82,Joseph Tanner,150,15-Feb-97,15-Feb-97,07:27:00,FALSE,FALSE,FALSE,11-02-1997,"STS-82, Discovery",Earth Orbit
STS-82,Mark C. Lee,151,16-Feb-97,16-Feb-97,07:11:00,FALSE,FALSE,FALSE,11-02-1997,"STS-82, Discovery",Earth Orbit
STS-82,Steven Smith,151,16-Feb-97,16-Feb-97,07:11:00,FALSE,FALSE,FALSE,11-02-1997,"STS-82, Discovery",Earth Orbit
STS-82,Gregory Harbaugh,152,17-Feb-97,17-Feb-97,06:34:00,FALSE,FALSE,FALSE,11-02-1997,"STS-82, Discovery",Earth Orbit
STS-82,Joseph Tanner,152,17-Feb-97,17-Feb-97,06:34:00,FALSE,FALSE,FALSE,11-02-1997,"STS-82, Discovery",Earth Orbit
STS-82,Mark C. Lee,153,18-Feb-97,18-Feb-97,05:17:00,FALSE,FALSE,FALSE,11-02-1997,"STS-82, Discovery",Earth Orbit
STS-82,Steven Smith,153,18-Feb-97,18-Feb-97,05:17:00,FALSE,FALSE,FALSE,11-02-1997,"STS-82, Discovery",Earth Orbit
Mir PE-23,Vasily Tsibliyev,154,29-Apr-97,29-Apr-97,04:59:00,FALSE,FALSE,FALSE,10-02-1997,Soyuz TM-25,Mir
Mir PE-23,Jerry Linenger,154,29-Apr-97,29-Apr-97,04:59:00,FALSE,FALSE,FALSE,12-01-1997,"STS-81, Atlantis",Mir
Mir PE-24,Anatoly Solovyev,155,22-Aug-97,22-Aug-97,03:16:00,FALSE,FALSE,FALSE,05-08-1997,Soyuz TM-26,Mir
Mir PE-24,Pavel Vinogradov,155,22-Aug-97,22-Aug-97,03:16:00,FALSE,FALSE,FALSE,05-08-1997,Soyuz TM-26,Mir
Mir PE-24,Anatoly Solovyev,156,06-Sep-97,06-Sep-97,06:00:00,FALSE,FALSE,FALSE,05-08-1997,Soyuz TM-26,Mir
Mir PE-24,Michael Foale,156,06-Sep-97,06-Sep-97,06:00:00,FALSE,FALSE,FALSE,15-05-1997,"STS-84, Atlantis",Mir
STS-86,Scott Parazynski,157,01-Oct-97,01-Oct-97,05:01:00,FALSE,FALSE,FALSE,25-09-1997,"STS-86, Atlantis",Mir
STS-86,Vladimir Titov,157,01-Oct-97,01-Oct-97,05:01:00,FALSE,FALSE,FALSE,25-09-1997,"STS-86, Atlantis",Mir
Mir PE-24,Anatoly Solovyev,158,20-Oct-97,20-Oct-97,06:38:00,FALSE,FALSE,FALSE,05-08-1997,Soyuz TM-26,Mir
Mir PE-24,Pavel Vinogradov,158,20-Oct-97,20-Oct-97,06:38:00,FALSE,FALSE,FALSE,05-08-1997,Soyuz TM-26,Mir
Mir PE-24,Anatoly Solovyev,159,03-Nov-97,03-Nov-97,06:04:00,FALSE,FALSE,FALSE,05-08-1997,Soyuz TM-26,Mir
Mir PE-24,Pavel Vinogradov,159,03-Nov-97,03-Nov-97,06:04:00,FALSE,FALSE,FALSE,05-08-1997,Soyuz TM-26,Mir
Mir PE-24,Anatoly Solovyev,160,06-Nov-97,06-Nov-97,06:12:00,FALSE,FALSE,FALSE,05-08-1997,Soyuz TM-26,Mir
Mir PE-24,Pavel Vinogradov,160,06-Nov-97,06-Nov-97,06:12:00,FALSE,FALSE,FALSE,05-08-1997,Soyuz TM-26,Mir
STS-87,Winston Scott,161,25-Nov-97,25-Nov-97,07:43:00,FALSE,FALSE,FALSE,19-11-1997,"STS-87, Columbia",Earth Orbit
STS-87,Takao Doi,161,25-Nov-97,25-Nov-97,07:43:00,FALSE,FALSE,FALSE,19-11-1997,"STS-87, Columbia",Earth Orbit
STS-87,Winston Scott,162,03-Dec-97,03-Dec-97,04:59:00,FALSE,FALSE,FALSE,19-11-1997,"STS-87, Columbia",Earth Orbit
STS-87,Takao Doi,162,03-Dec-97,03-Dec-97,04:59:00,FALSE,FALSE,FALSE,19-11-1997,"STS-87, Columbia",Earth Orbit
Mir PE-24,Anatoly Solovyev,163,08-Jan-98,09-Jan-98,03:06:00,FALSE,FALSE,FALSE,05-08-1997,Soyuz TM-26,Mir
Mir PE-24,Pavel Vinogradov,163,08-Jan-98,09-Jan-98,03:06:00,FALSE,FALSE,FALSE,05-08-1997,Soyuz TM-26,Mir
Mir PE-24,Anatoly Solovyev,164,14-Jan-98,15-Jan-98,03:52:00,FALSE,FALSE,FALSE,05-08-1997,Soyuz TM-26,Mir
Mir PE-24,David Wolf,164,14-Jan-98,15-Jan-98,03:52:00,FALSE,FALSE,FALSE,25-09-1997,"STS-86, Atlantis",Mir
Mir PE-25,Talgat Musabayev,165,01-Apr-98,01-Apr-98,06:40:00,FALSE,FALSE,FALSE,29-01-1998,Soyuz TM-27,Mir
Mir PE-25,Nikolai Budarin,165,01-Apr-98,01-Apr-98,06:40:00,FALSE,FALSE,FALSE,29-01-1998,Soyuz TM-27,Mir
Mir PE-25,Talgat Musabayev,166,06-Apr-98,06-Apr-98,04:15:00,FALSE,FALSE,FALSE,29-01-1998,Soyuz TM-27,Mir
Mir PE-25,Nikolai Budarin,166,06-Apr-98,06-Apr-98,04:15:00,FALSE,FALSE,FALSE,29-01-1998,Soyuz TM-27,Mir
Mir PE-25,Talgat Musabayev,167,11-Apr-98,11-Apr-98,06:25:00,FALSE,FALSE,FALSE,29-01-1998,Soyuz TM-27,Mir
Mir PE-25,Nikolai Budarin,167,11-Apr-98,11-Apr-98,06:25:00,FALSE,FALSE,FALSE,29-01-1998,Soyuz TM-27,Mir
Mir PE-25,Talgat Musabayev,168,17-Apr-98,17-Apr-98,06:33:00,FALSE,FALSE,FALSE,29-01-1998,Soyuz TM-27,Mir
Mir PE-25,Nikolai Budarin,168,17-Apr-98,17-Apr-98,06:33:00,FALSE,FALSE,FALSE,29-01-1998,Soyuz TM-27,Mir
Mir PE-25,Talgat Musabayev,169,22-Apr-98,22-Apr-98,06:21:00,FALSE,FALSE,FALSE,29-01-1998,Soyuz TM-27,Mir
Mir PE-25,Nikolai Budarin,169,22-Apr-98,22-Apr-98,06:21:00,FALSE,FALSE,FALSE,29-01-1998,Soyuz TM-27,Mir
Mir PE-26,Gennady Padalka,170,15-Sep-98,15-Sep-98,00:30:00,FALSE,FALSE,FALSE,13-08-1998,Soyuz TM-28,Mir
Mir PE-26,Sergei Avdeyev,170,15-Sep-98,15-Sep-98,00:30:00,FALSE,FALSE,FALSE,13-08-1998,Soyuz TM-28,Mir
Mir PE-26,Gennady Padalka,171,10-Nov-98,11-Nov-98,05:55:00,FALSE,FALSE,FALSE,13-08-1998,Soyuz TM-28,Mir
Mir PE-26,Sergei Avdeyev,171,10-Nov-98,11-Nov-98,05:55:00,FALSE,FALSE,FALSE,13-08-1998,Soyuz TM-28,Mir
STS-88,Jerry L. Ross,172,07-Dec-98,08-Dec-98,07:21:00,FALSE,FALSE,FALSE,04-12-1998,"STS-88, Endeavour",ISS
STS-88,James H. Newman,172,07-Dec-98,08-Dec-98,07:21:00,FALSE,FALSE,FALSE,04-12-1998,"STS-88, Endeavour",ISS
STS-88,Jerry L. Ross,173,09-Dec-98,10-Dec-98,07:02:00,FALSE,FALSE,FALSE,04-12-1998,"STS-88, Endeavour",ISS
STS-88,James H. Newman,173,09-Dec-98,10-Dec-98,07:02:00,FALSE,FALSE,FALSE,04-12-1998,"STS-88, Endeavour",ISS
STS-88,Jerry L. Ross,174,12-Dec-98,13-Dec-98,06:59:00,FALSE,FALSE,FALSE,04-12-1998,"STS-88, Endeavour",ISS
STS-88,James H. Newman,174,12-Dec-98,13-Dec-98,06:59:00,FALSE,FALSE,FALSE,04-12-1998,"STS-88, Endeavour",ISS
Mir PE-27,Viktor M. Afanasyev,175,16-Apr-99,16-Apr-99,06:19:00,FALSE,FALSE,FALSE,20-02-1999,Soyuz TM-29,Mir
Mir PE-27,Jean-Pierre Haigneré,175,16-Apr-99,16-Apr-99,06:19:00,FALSE,FALSE,FALSE,20-02-1999,Soyuz TM-29,Mir
STS-96,Tamara E. Jernigan,176,30-May-99,30-May-99,07:55:00,FALSE,FALSE,FALSE,27-05-1999,"STS-96, Discovery",ISS
STS-96,Daniel Barry,176,30-May-99,30-May-99,07:55:00,FALSE,FALSE,FALSE,27-05-1999,"STS-96, Discovery",ISS
Mir PE-27,Viktor M. Afanasyev,177,23-Jul-99,23-Jul-99,06:07:00,FALSE,FALSE,FALSE,20-02-1999,Soyuz TM-29,Mir
Mir PE-27,Sergei Avdeyev,177,23-Jul-99,23-Jul-99,06:07:00,FALSE,FALSE,FALSE,13-08-1998,Soyuz TM-28,Mir
Mir PE-27,Viktor M. Afanasyev,178,28-Jul-99,28-Jul-99,05:22:00,FALSE,FALSE,FALSE,20-02-1999,Soyuz TM-29,Mir
Mir PE-27,Sergei Avdeyev,178,28-Jul-99,28-Jul-99,05:22:00,FALSE,FALSE,FALSE,13-08-1998,Soyuz TM-28,Mir
STS-103,Steven Smith,179,22-Dec-99,23-Dec-99,08:15:00,FALSE,FALSE,FALSE,20-12-1999,"STS-103, Discovery",Earth Orbit
STS-103,John Grunsfeld,179,22-Dec-99,23-Dec-99,08:15:00,FALSE,FALSE,FALSE,20-12-1999,"STS-103, Discovery",Earth Orbit
STS-103,Michael Foale,180,23-Dec-99,24-Dec-99,08:10:00,FALSE,FALSE,FALSE,20-12-1999,"STS-103, Discovery",Earth Orbit
STS-103,Claude Nicollier,180,23-Dec-99,24-Dec-99,08:10:00,FALSE,FALSE,FALSE,20-12-1999,"STS-103, Discovery",Earth Orbit
STS-103,Steven Smith,181,24-Dec-99,25-Dec-99,08:08:00,FALSE,FALSE,FALSE,20-12-1999,"STS-103, Discovery",Earth Orbit
STS-103,John Grunsfeld,181,24-Dec-99,25-Dec-99,08:08:00,FALSE,FALSE,FALSE,20-12-1999,"STS-103, Discovery",Earth Orbit
Mir PE-28,Sergei Zalyotin,182,12-May-00,12-May-00,04:52:00,FALSE,FALSE,FALSE,04-04-2000,Soyuz TM-30,Mir
Mir PE-28,Alexsandr Kaleri,182,12-May-00,12-May-00,04:52:00,FALSE,FALSE,FALSE,04-04-2000,Soyuz TM-30,Mir
STS-101,James S. Voss,183,22-May-00,22-May-00,06:44:00,FALSE,FALSE,FALSE,19-05-2000,"STS-101, Atlantis",ISS
STS-101,Jeffrey Williams,183,22-May-00,22-May-00,06:44:00,FALSE,FALSE,FALSE,19-05-2000,"STS-101, Atlantis",ISS
STS-106,Edward Lu,184,11-Sep-00,11-Sep-00,06:14:00,FALSE,FALSE,FALSE,08-09-2000,"STS-106, Atlantis",ISS
STS-106,Yuri Malenchenko,184,11-Sep-00,11-Sep-00,06:14:00,FALSE,FALSE,FALSE,08-09-2000,"STS-106, Atlantis",ISS
STS-92,Leroy Chiao,185,15-Oct-00,15-Oct-00,06:28:00,FALSE,FALSE,FALSE,11-10-2000,"STS-92, Discovery",ISS
STS-92,William S. McArthur,185,15-Oct-00,15-Oct-00,06:28:00,FALSE,FALSE,FALSE,11-10-2000,"STS-92, Discovery",ISS
STS-92,Michael Lopez-Alegria,186,16-Oct-00,16-Oct-00,07:07:00,FALSE,FALSE,FALSE,11-10-2000,"STS-92, Discovery",ISS
STS-92,Peter Wisoff,186,16-Oct-00,16-Oct-00,07:07:00,FALSE,FALSE,FALSE,11-10-2000,"STS-92, Discovery",ISS
STS-92,Leroy Chiao,187,17-Oct-00,17-Oct-00,06:48:00,FALSE,FALSE,FALSE,11-10-2000,"STS-92, Discovery",ISS
STS-92,William S. McArthur,187,17-Oct-00,17-Oct-00,06:48:00,FALSE,FALSE,FALSE,11-10-2000,"STS-92, Discovery",ISS
STS-92,Michael Lopez-Alegria,188,18-Oct-00,18-Oct-00,06:56:00,FALSE,FALSE,FALSE,11-10-2000,"STS-92, Discovery",ISS
STS-92,Peter Wisoff,188,18-Oct-00,18-Oct-00,06:56:00,FALSE,FALSE,FALSE,11-10-2000,"STS-92, Discovery",ISS
STS-97,Joseph Tanner,189,03-Dec-00,04-Dec-00,07:33:00,FALSE,FALSE,FALSE,01-12-2000,"STS-97, Endeavour",ISS
STS-97,Carlos I. Noriega,189,03-Dec-00,04-Dec-00,07:33:00,FALSE,FALSE,FALSE,01-12-2000,"STS-97, Endeavour",ISS
STS-97,Joseph Tanner,190,05-Dec-00,05-Dec-00,06:37:00,FALSE,FALSE,FALSE,01-12-2000,"STS-97, Endeavour",ISS
STS-97,Carlos I. Noriega,190,05-Dec-00,05-Dec-00,06:37:00,FALSE,FALSE,FALSE,01-12-2000,"STS-97, Endeavour",ISS
STS-97,Joseph Tanner,191,07-Dec-00,07-Dec-00,05:10:00,FALSE,FALSE,FALSE,01-12-2000,"STS-97, Endeavour",ISS
STS-97,Carlos I. Noriega,191,07-Dec-00,07-Dec-00,05:10:00,FALSE,FALSE,FALSE,01-12-2000,"STS-97, Endeavour",ISS
STS-98,Thomas D. Jones,192,10-Feb-01,10-Feb-01,07:34:00,FALSE,FALSE,FALSE,07-02-2001,"STS-98, Atlantis",ISS
STS-98,Robert Curbeam,192,10-Feb-01,10-Feb-01,07:34:00,FALSE,FALSE,FALSE,07-02-2001,"STS-98, Atlantis",ISS
STS-98,Thomas D. Jones,193,12-Feb-01,12-Feb-01,06:50:00,FALSE,FALSE,FALSE,07-02-2001,"STS-98, Atlantis",ISS
STS-98,Robert Curbeam,193,12-Feb-01,12-Feb-01,06:50:00,FALSE,FALSE,FALSE,07-02-2001,"STS-98, Atlantis",ISS
STS-98,Thomas D. Jones,194,14-Feb-01,14-Feb-01,05:25:00,FALSE,FALSE,FALSE,07-02-2001,"STS-98, Atlantis",ISS
STS-98,Robert Curbeam,194,14-Feb-01,14-Feb-01,05:25:00,FALSE,FALSE,FALSE,07-02-2001,"STS-98, Atlantis",ISS
STS-102,James S. Voss,195,11-Mar-01,11-Mar-01,08:56:00,FALSE,FALSE,FALSE,08-03-2001,"STS-102, Discovery",ISS
STS-102,Susan Helms,195,11-Mar-01,11-Mar-01,08:56:00,FALSE,FALSE,FALSE,08-03-2001,"STS-102, Discovery",ISS
STS-102,Andrew Thomas,196,13-Mar-01,13-Mar-01,06:21:00,FALSE,FALSE,FALSE,08-03-2001,"STS-102, Discovery",ISS
STS-102,Paul W. Richards,196,13-Mar-01,13-Mar-01,06:21:00,FALSE,FALSE,FALSE,08-03-2001,"STS-102, Discovery",ISS
STS-100,Chris Hadfield,197,22-Apr-01,22-Apr-01,07:10:00,FALSE,FALSE,FALSE,19-04-2001,"STS-100, Endeavour",ISS
STS-100,Scott Parazynski,197,22-Apr-01,22-Apr-01,07:10:00,FALSE,FALSE,FALSE,19-04-2001,"STS-100, Endeavour",ISS
STS-100,Chris Hadfield,198,24-Apr-01,24-Apr-01,07:40:00,FALSE,FALSE,FALSE,19-04-2001,"STS-100, Endeavour",ISS
STS-100,Scott Parazynski,198,24-Apr-01,24-Apr-01,07:40:00,FALSE,FALSE,FALSE,19-04-2001,"STS-100, Endeavour",ISS
ISS Expedition 2,Yury Usachov,199,08-Jun-01,08-Jun-01,00:19:00,FALSE,FALSE,FALSE,08-03-2001,"STS-102, Discovery",ISS
ISS Expedition 2,James S. Voss,199,08-Jun-01,08-Jun-01,00:19:00,FALSE,FALSE,FALSE,08-03-2001,"STS-102, Discovery",ISS
STS-104,Michael Gernhardt,200,15-Jul-01,15-Jul-01,05:59:00,FALSE,FALSE,FALSE,12-07-2001,"STS-104, Atlantis",ISS
STS-104,James F. Reilly,200,15-Jul-01,15-Jul-01,05:59:00,FALSE,FALSE,FALSE,12-07-2001,"STS-104, Atlantis",ISS
STS-104,Michael Gernhardt,201,18-Jul-01,18-Jul-01,06:29:00,FALSE,FALSE,FALSE,12-07-2001,"STS-104, Atlantis",ISS
STS-104,James F. Reilly,201,18-Jul-01,18-Jul-01,06:29:00,FALSE,FALSE,FALSE,12-07-2001,"STS-104, Atlantis",ISS
STS-104,Michael Gernhardt,202,21-Jul-01,21-Jul-01,04:02:00,FALSE,FALSE,FALSE,12-07-2001,"STS-104, Atlantis",ISS
STS-104,James F. Reilly,202,21-Jul-01,21-Jul-01,04:02:00,FALSE,FALSE,FALSE,12-07-2001,"STS-104, Atlantis",ISS
STS-105,Daniel Barry,203,16-Aug-01,16-Aug-01,06:16:00,FALSE,FALSE,FALSE,10-08-2001,"STS-105, Discovery",ISS
STS-105,Patrick Forrester,203,16-Aug-01,16-Aug-01,06:16:00,FALSE,FALSE,FALSE,10-08-2001,"STS-105, Discovery",ISS
STS-105,Daniel Barry,204,18-Aug-01,18-Aug-01,05:29:00,FALSE,FALSE,FALSE,10-08-2001,"STS-105, Discovery",ISS
STS-105,Patrick Forrester,204,18-Aug-01,18-Aug-01,05:29:00,FALSE,FALSE,FALSE,10-08-2001,"STS-105, Discovery",ISS
ISS Expedition 3,Vladimir N. Dezhurov,205,08-Oct-01,08-Oct-01,04:58:00,FALSE,FALSE,FALSE,10-08-2001,"STS-105, Discovery",ISS
ISS Expedition 3,Mikhail Tyurin,205,08-Oct-01,08-Oct-01,04:58:00,FALSE,FALSE,FALSE,10-08-2001,"STS-105, Discovery",ISS
ISS Expedition 3,Vladimir N. Dezhurov,206,15-Oct-01,15-Oct-01,05:51:00,FALSE,FALSE,FALSE,10-08-2001,"STS-105, Discovery",ISS
ISS Expedition 3,Mikhail Tyurin,206,15-Oct-01,15-Oct-01,05:51:00,FALSE,FALSE,FALSE,10-08-2001,"STS-105, Discovery",ISS
ISS Expedition 3,Vladimir N. Dezhurov,207,12-Nov-01,13-Nov-01,05:05:00,FALSE,FALSE,FALSE,10-08-2001,"STS-105, Discovery",ISS
ISS Expedition 3,Frank Culbertson,207,12-Nov-01,13-Nov-01,05:05:00,FALSE,FALSE,FALSE,10-08-2001,"STS-105, Discovery",ISS
ISS Expedition 3,Vladimir N. Dezhurov,208,03-Dec-01,03-Dec-01,02:46:00,FALSE,FALSE,FALSE,10-08-2001,"STS-105, Discovery",ISS
ISS Expedition 3,Mikhail Tyurin,208,03-Dec-01,03-Dec-01,02:46:00,FALSE,FALSE,FALSE,10-08-2001,"STS-105, Discovery",ISS
STS-108,Linda Godwin,209,10-Dec-01,10-Dec-01,04:12:00,FALSE,FALSE,FALSE,05-12-2001,"STS-108, Endeavour",ISS
STS-108,Daniel Tani,209,10-Dec-01,10-Dec-01,04:12:00,FALSE,FALSE,FALSE,05-12-2001,"STS-108, Endeavour",ISS
ISS Expedition 4,Yuri Onufrienko,210,14-Jan-02,15-Jan-02,06:03:00,FALSE,FALSE,FALSE,05-12-2001,"STS-108, Endeavour",ISS
ISS Expedition 4,Carl E. Walz,210,14-Jan-02,15-Jan-02,06:03:00,FALSE,FALSE,FALSE,05-12-2001,"STS-108, Endeavour",ISS
ISS Expedition 4,Yuri Onufrienko,211,25-Jan-02,25-Jan-02,05:59:00,FALSE,FALSE,FALSE,05-12-2001,"STS-108, Endeavour",ISS
ISS Expedition 4,Daniel Bursch,211,25-Jan-02,25-Jan-02,05:59:00,FALSE,FALSE,FALSE,05-12-2001,"STS-108, Endeavour",ISS
ISS Expedition 4,Carl E. Walz,212,20-Feb-02,20-Feb-02,05:47:00,FALSE,FALSE,FALSE,05-12-2001,"STS-108, Endeavour",ISS
ISS Expedition 4,Daniel Bursch,212,20-Feb-02,20-Feb-02,05:47:00,FALSE,FALSE,FALSE,05-12-2001,"STS-108, Endeavour",ISS
STS-109,John Grunsfeld,213,04-Mar-02,04-Mar-02,07:01:00,FALSE,FALSE,FALSE,01-03-2002,"STS-109, Columbia",Earth Orbit
STS-109,Richard Linnehan,213,04-Mar-02,04-Mar-02,07:01:00,FALSE,FALSE,FALSE,01-03-2002,"STS-109, Columbia",Earth Orbit
STS-109,James H. Newman,214,05-Mar-02,05-Mar-02,07:16:00,FALSE,FALSE,FALSE,01-03-2002,"STS-109, Columbia",Earth Orbit
STS-109,Michael Massimino,214,05-Mar-02,05-Mar-02,07:16:00,FALSE,FALSE,FALSE,01-03-2002,"STS-109, Columbia",Earth Orbit
STS-109,John Grunsfeld,215,06-Mar-02,06-Mar-02,06:48:00,FALSE,FALSE,FALSE,01-03-2002,"STS-109, Columbia",Earth Orbit
STS-109,Richard Linnehan,215,06-Mar-02,06-Mar-02,06:48:00,FALSE,FALSE,FALSE,01-03-2002,"STS-109, Columbia",Earth Orbit
STS-109,James H. Newman,216,07-Mar-02,07-Mar-02,07:30:00,FALSE,FALSE,FALSE,01-03-2002,"STS-109, Columbia",Earth Orbit
STS-109,Michael Massimino,216,07-Mar-02,07-Mar-02,07:30:00,FALSE,FALSE,FALSE,01-03-2002,"STS-109, Columbia",Earth Orbit
STS-109,John Grunsfeld,217,08-Mar-02,08-Mar-02,07:20:00,FALSE,FALSE,FALSE,01-03-2002,"STS-109, Columbia",Earth Orbit
STS-109,Richard Linnehan,217,08-Mar-02,08-Mar-02,07:20:00,FALSE,FALSE,FALSE,01-03-2002,"STS-109, Columbia",Earth Orbit
STS-110,Steven Smith,218,11-Apr-02,11-Apr-02,07:48:00,FALSE,FALSE,FALSE,08-04-2002,"STS-110, Atlantis",ISS
STS-110,Rex Walheim,218,11-Apr-02,11-Apr-02,07:48:00,FALSE,FALSE,FALSE,08-04-2002,"STS-110, Atlantis",ISS
STS-110,Jerry L. Ross,219,13-Apr-02,13-Apr-02,07:30:00,FALSE,FALSE,FALSE,08-04-2002,"STS-110, Atlantis",ISS
STS-110,Lee Morin,219,13-Apr-02,13-Apr-02,07:30:00,FALSE,FALSE,FALSE,08-04-2002,"STS-110, Atlantis",ISS
STS-110,Steven Smith,220,14-Apr-02,14-Apr-02,06:27:00,FALSE,FALSE,FALSE,08-04-2002,"STS-110, Atlantis",ISS
STS-110,Rex Walheim,220,14-Apr-02,14-Apr-02,06:27:00,FALSE,FALSE,FALSE,08-04-2002,"STS-110, Atlantis",ISS
STS-110,Jerry L. Ross,221,16-Apr-02,16-Apr-02,06:37:00,FALSE,FALSE,FALSE,08-04-2002,"STS-110, Atlantis",ISS
STS-110,Lee Morin,221,16-Apr-02,16-Apr-02,06:37:00,FALSE,FALSE,FALSE,08-04-2002,"STS-110, Atlantis",ISS
STS-111,Franklin Chang-Diaz,222,09-Jun-02,09-Jun-02,07:14:00,FALSE,FALSE,FALSE,05-06-2002,"STS-111, Endeavour",ISS
STS-111,Philippe Perrin,222,09-Jun-02,09-Jun-02,07:14:00,FALSE,FALSE,FALSE,05-06-2002,"STS-111, Endeavour",ISS
STS-111,Franklin Chang-Diaz,223,11-Jun-02,11-Jun-02,07:14:00,FALSE,FALSE,FALSE,05-06-2002,"STS-111, Endeavour",ISS
STS-111,Philippe Perrin,223,11-Jun-02,11-Jun-02,07:14:00,FALSE,FALSE,FALSE,05-06-2002,"STS-111, Endeavour",ISS
STS-111,Franklin Chang-Diaz,224,13-Jun-02,13-Jun-02,07:17:00,FALSE,FALSE,FALSE,05-06-2002,"STS-111, Endeavour",ISS
STS-111,Philippe Perrin,224,13-Jun-02,13-Jun-02,07:17:00,FALSE,FALSE,FALSE,05-06-2002,"STS-111, Endeavour",ISS
ISS Expedition 5,Valery Korzun,225,16-Aug-02,16-Aug-02,04:23:00,FALSE,FALSE,FALSE,05-06-2002,"STS-111, Endeavour",ISS
ISS Expedition 5,Peggy Whitson,225,16-Aug-02,16-Aug-02,04:23:00,FALSE,FALSE,FALSE,05-06-2002,"STS-111, Endeavour",ISS
ISS Expedition 5,Valery Korzun,226,26-Aug-02,26-Aug-02,05:21:00,FALSE,FALSE,FALSE,05-06-2002,"STS-111, Endeavour",ISS
ISS Expedition 5,Sergei Treshchov,226,26-Aug-02,26-Aug-02,05:21:00,FALSE,FALSE,FALSE,05-06-2002,"STS-111, Endeavour",ISS
STS-112,David Wolf,227,10-Oct-02,10-Oct-02,07:01:00,FALSE,FALSE,FALSE,07-10-2002,"STS-112, Atlantis",ISS
STS-112,Piers Sellers,227,10-Oct-02,10-Oct-02,07:01:00,FALSE,FALSE,FALSE,07-10-2002,"STS-112, Atlantis",ISS
STS-112,David Wolf,228,12-Oct-02,12-Oct-02,06:04:00,FALSE,FALSE,FALSE,07-10-2002,"STS-112, Atlantis",ISS
STS-112,Piers Sellers,228,12-Oct-02,12-Oct-02,06:04:00,FALSE,FALSE,FALSE,07-10-2002,"STS-112, Atlantis",ISS
STS-112,David Wolf,229,14-Oct-02,14-Oct-02,06:36:00,FALSE,FALSE,FALSE,07-10-2002,"STS-112, Atlantis",ISS
STS-112,Piers Sellers,229,14-Oct-02,14-Oct-02,06:36:00,FALSE,FALSE,FALSE,07-10-2002,"STS-112, Atlantis",ISS
STS-113,Michael Lopez-Alegria,230,26-Nov-02,27-Nov-02,06:45:00,FALSE,FALSE,FALSE,24-11-2002,"STS-113, Endeavour",ISS
STS-113,John Herrington,230,26-Nov-02,27-Nov-02,06:45:00,FALSE,FALSE,FALSE,24-11-2002,"STS-113, Endeavour",ISS
STS-113,Michael Lopez-Alegria,231,28-Nov-02,29-Nov-02,06:10:00,FALSE,FALSE,FALSE,24-11-2002,"STS-113, Endeavour",ISS
STS-113,John Herrington,231,28-Nov-02,29-Nov-02,06:10:00,FALSE,FALSE,FALSE,24-11-2002,"STS-113, Endeavour",ISS
STS-113,Michael Lopez-Alegria,232,30-Nov-02,01-Dec-02,07:00:00,FALSE,FALSE,FALSE,24-11-2002,"STS-113, Endeavour",ISS
STS-113,John Herrington,232,30-Nov-02,01-Dec-02,07:00:00,FALSE,FALSE,FALSE,24-11-2002,"STS-113, Endeavour",ISS
ISS Expedition 6,Kenneth Bowersox,233,15-Jan-03,15-Jan-03,06:51:00,FALSE,FALSE,FALSE,24-11-2002,"STS-113, Endeavour",ISS
ISS Expedition 6,Donald Pettit,233,15-Jan-03,15-Jan-03,06:51:00,FALSE,FALSE,FALSE,24-11-2002,"STS-113, Endeavour",ISS
ISS Expedition 6,Kenneth Bowersox,234,08-Apr-03,08-Apr-03,06:26:00,FALSE,FALSE,FALSE,24-11-2002,"STS-113, Endeavour",ISS
ISS Expedition 6,Donald Pettit,234,08-Apr-03,08-Apr-03,06:26:00,FALSE,FALSE,FALSE,24-11-2002,"STS-113, Endeavour",ISS
ISS Expedition 8,Michael Foale,235,26-Feb-04,27-Feb-04,03:55:00,FALSE,FALSE,FALSE,18-10-2003,Soyuz TMA-3,ISS
ISS Expedition 8,Alexsandr Kaleri,235,26-Feb-04,27-Feb-04,03:55:00,FALSE,FALSE,FALSE,18-10-2003,Soyuz TMA-3,ISS
ISS Expedition 9,Gennady Padalka,236,24-Jun-04,24-Jun-04,00:13:00,FALSE,FALSE,FALSE,19-04-2004,Soyuz TMA-4,ISS
ISS Expedition 9,Michael Fincke,236,24-Jun-04,24-Jun-04,00:13:00,FALSE,FALSE,FALSE,19-04-2004,Soyuz TMA-4,ISS
ISS Expedition 9,Gennady Padalka,237,30-Jun-04,01-Jul-04,05:40:00,FALSE,FALSE,FALSE,19-04-2004,Soyuz TMA-4,ISS
ISS Expedition 9,Michael Fincke,237,30-Jun-04,01-Jul-04,05:40:00,FALSE,FALSE,FALSE,19-04-2004,Soyuz TMA-4,ISS
ISS Expedition 9,Gennady Padalka,238,03-Aug-04,03-Aug-04,04:30:00,FALSE,FALSE,FALSE,19-04-2004,Soyuz TMA-4,ISS
ISS Expedition 9,Michael Fincke,238,03-Aug-04,03-Aug-04,04:30:00,FALSE,FALSE,FALSE,19-04-2004,Soyuz TMA-4,ISS
ISS Expedition 9,Gennady Padalka,239,03-Sep-04,03-Sep-04,05:21:00,FALSE,FALSE,FALSE,19-04-2004,Soyuz TMA-4,ISS
ISS Expedition 9,Michael Fincke,239,03-Sep-04,03-Sep-04,05:21:00,FALSE,FALSE,FALSE,19-04-2004,Soyuz TMA-4,ISS
ISS Expedition 10,Leroy Chiao,240,26-Jan-05,26-Jan-05,05:28:00,FALSE,FALSE,FALSE,14-10-2004,Soyuz TMA-5,ISS
ISS Expedition 10,Salizhan Sharipov,240,26-Jan-05,26-Jan-05,05:28:00,FALSE,FALSE,FALSE,14-10-2004,Soyuz TMA-5,ISS
ISS Expedition 10,Leroy Chiao,241,28-Mar-05,28-Mar-05,05:06:00,FALSE,FALSE,FALSE,14-10-2004,Soyuz TMA-5,ISS
ISS Expedition 10,Salizhan Sharipov,241,28-Mar-05,28-Mar-05,05:06:00,FALSE,FALSE,FALSE,14-10-2004,Soyuz TMA-5,ISS
STS-114,Soichi Noguchi,242,30-Jul-05,30-Jul-05,06:50:00,FALSE,FALSE,FALSE,26-07-2005,"STS-114, Discovery",ISS
STS-114,Stephen Robinson,242,30-Jul-05,30-Jul-05,06:50:00,FALSE,FALSE,FALSE,26-07-2005,"STS-114, Discovery",ISS
STS-114,Soichi Noguchi,243,01-Aug-05,01-Aug-05,07:14:00,FALSE,FALSE,FALSE,26-07-2005,"STS-114, Discovery",ISS
STS-114,Stephen Robinson,243,01-Aug-05,01-Aug-05,07:14:00,FALSE,FALSE,FALSE,26-07-2005,"STS-114, Discovery",ISS
STS-114,Soichi Noguchi,244,03-Aug-05,03-Aug-05,06:01:00,FALSE,FALSE,FALSE,26-07-2005,"STS-114, Discovery",ISS
STS-114,Stephen Robinson,244,03-Aug-05,03-Aug-05,06:01:00,FALSE,FALSE,FALSE,26-07-2005,"STS-114, Discovery",ISS
ISS Expedition 11,Sergei Krikalev,245,18-Aug-05,19-Aug-05,04:58:00,FALSE,FALSE,FALSE,15-04-2005,Soyuz TMA-6,ISS
ISS Expedition 11,John Phillips,245,18-Aug-05,19-Aug-05,04:58:00,FALSE,FALSE,FALSE,15-04-2005,Soyuz TMA-6,ISS
ISS Expedition 12,William S. McArthur,246,07-Nov-05,07-Nov-05,05:22:00,FALSE,FALSE,FALSE,01-10-2005,Soyuz TMA-7,ISS
ISS Expedition 12,Valery Tokarev,246,07-Nov-05,07-Nov-05,05:22:00,FALSE,FALSE,FALSE,01-10-2005,Soyuz TMA-7,ISS
ISS Expedition 12,William S. McArthur,247,03-Feb-06,03-Feb-06,05:43:00,FALSE,FALSE,FALSE,01-10-2005,Soyuz TMA-7,ISS
ISS Expedition 12,Valery Tokarev,247,03-Feb-06,03-Feb-06,05:43:00,FALSE,FALSE,FALSE,01-10-2005,Soyuz TMA-7,ISS
ISS Expedition 13,Pavel Vinogradov,248,01-Jun-06,02-Jun-06,06:31:00,FALSE,FALSE,FALSE,30-03-2006,Soyuz TMA-8,ISS
ISS Expedition 13,Jeffrey Williams,248,01-Jun-06,02-Jun-06,06:31:00,FALSE,FALSE,FALSE,30-03-2006,Soyuz TMA-8,ISS
STS-121,Piers Sellers,249,08-Jul-06,08-Jul-06,07:31:00,FALSE,FALSE,FALSE,04-07-2006,"STS-121, Discovery",ISS
STS-121,Michael Fossum,249,08-Jul-06,08-Jul-06,07:31:00,FALSE,FALSE,FALSE,04-07-2006,"STS-121, Discovery",ISS
STS-121,Piers Sellers,250,10-Jul-06,10-Jul-06,06:47:00,FALSE,FALSE,FALSE,04-07-2006,"STS-121, Discovery",ISS
STS-121,Michael Fossum,250,10-Jul-06,10-Jul-06,06:47:00,FALSE,FALSE,FALSE,04-07-2006,"STS-121, Discovery",ISS
STS-121,Piers Sellers,251,12-Jul-06,12-Jul-06,07:11:00,FALSE,FALSE,FALSE,04-07-2006,"STS-121, Discovery",ISS
STS-121,Michael Fossum,251,12-Jul-06,12-Jul-06,07:11:00,FALSE,FALSE,FALSE,04-07-2006,"STS-121, Discovery",ISS
ISS Expedition 13,Jeffrey Williams,252,03-Aug-06,03-Aug-06,05:54:00,FALSE,FALSE,FALSE,30-03-2006,Soyuz TMA-8,ISS
ISS Expedition 13,Thomas Reiter,252,03-Aug-06,03-Aug-06,05:54:00,FALSE,FALSE,FALSE,04-07-2006,"STS-121, Discovery",ISS
STS-115,Joseph Tanner,253,12-Sep-06,12-Sep-06,05:26:00,FALSE,FALSE,FALSE,09-09-2006,"STS-115, Atlantis",ISS
STS-115,Heidemarie Stefanyshyn-Piper,253,12-Sep-06,12-Sep-06,05:26:00,FALSE,FALSE,FALSE,09-09-2006,"STS-115, Atlantis",ISS
STS-115,Daniel Burbank,254,13-Sep-06,13-Sep-06,07:11:00,FALSE,FALSE,FALSE,09-09-2006,"STS-115, Atlantis",ISS
STS-115,Steven MacLean,254,13-Sep-06,13-Sep-06,07:11:00,FALSE,FALSE,FALSE,09-09-2006,"STS-115, Atlantis",ISS
STS-115,Joseph Tanner,255,15-Sep-06,15-Sep-06,06:42:00,FALSE,FALSE,FALSE,09-09-2006,"STS-115, Atlantis",ISS
STS-115,Heidemarie Stefanyshyn-Piper,255,15-Sep-06,15-Sep-06,06:42:00,FALSE,FALSE,FALSE,09-09-2006,"STS-115, Atlantis",ISS
Expedition 14,Mikhail Tyurin,256,22-Nov-06,23-Nov-06,05:38:00,FALSE,FALSE,FALSE,18-09-2006,Soyuz TMA-9,ISS
Expedition 14,Michael Lopez-Alegria,256,22-Nov-06,23-Nov-06,05:38:00,FALSE,FALSE,FALSE,18-09-2006,Soyuz TMA-9,ISS
STS-116,Robert Curbeam,257,12-Dec-06,13-Dec-06,06:36:00,FALSE,FALSE,FALSE,09-12-2006,"STS-116, Discovery",ISS
STS-116,Christer Fuglesang,257,12-Dec-06,13-Dec-06,06:36:00,FALSE,FALSE,FALSE,09-12-2006,"STS-116, Discovery",ISS
STS-116,Robert Curbeam,258,14-Dec-06,15-Dec-06,05:00:00,FALSE,FALSE,FALSE,09-12-2006,"STS-116, Discovery",ISS
STS-116,Christer Fuglesang,258,14-Dec-06,15-Dec-06,05:00:00,FALSE,FALSE,FALSE,09-12-2006,"STS-116, Discovery",ISS
STS-116,Robert Curbeam,259,16-Dec-06,17-Dec-06,07:32:00,FALSE,FALSE,FALSE,09-12-2006,"STS-116, Discovery",ISS
STS-116,Sunita Williams,259,16-Dec-06,17-Dec-06,07:32:00,FALSE,FALSE,FALSE,09-12-2006,"STS-116, Discovery",ISS
STS-116,Robert Curbeam,260,18-Dec-06,19-Dec-06,06:38:00,FALSE,FALSE,FALSE,09-12-2006,"STS-116, Discovery",ISS
STS-116,Christer Fuglesang,260,18-Dec-06,19-Dec-06,06:38:00,FALSE,FALSE,FALSE,09-12-2006,"STS-116, Discovery",ISS
Expedition 14,Michael Lopez-Alegria,261,31-Jan-07,31-Jan-07,07:55:00,FALSE,FALSE,FALSE,18-09-2006,Soyuz TMA-9,ISS
Expedition 14,Sunita Williams,261,31-Jan-07,31-Jan-07,07:55:00,FALSE,FALSE,FALSE,09-12-2006,"STS-116, Discovery",ISS
Expedition 14,Michael Lopez-Alegria,262,04-Feb-07,04-Feb-07,07:11:00,FALSE,FALSE,FALSE,18-09-2006,Soyuz TMA-9,ISS
Expedition 14,Sunita Williams,262,04-Feb-07,04-Feb-07,07:11:00,FALSE,FALSE,FALSE,09-12-2006,"STS-116, Discovery",ISS
Expedition 14,Michael Lopez-Alegria,263,08-Feb-07,08-Feb-07,06:40:00,FALSE,FALSE,FALSE,18-09-2006,Soyuz TMA-9,ISS
Expedition 14,Sunita Williams,263,08-Feb-07,08-Feb-07,06:40:00,FALSE,FALSE,FALSE,09-12-2006,"STS-116, Discovery",ISS
Expedition 14,Michael Lopez-Alegria,264,22-Feb-07,22-Feb-07,06:18:00,FALSE,FALSE,FALSE,18-09-2006,Soyuz TMA-9,ISS
Expedition 14,Mikhail Tyurin,264,22-Feb-07,22-Feb-07,06:18:00,FALSE,FALSE,FALSE,18-09-2006,Soyuz TMA-9,ISS
Expedition 15,Oleg Kotov,265,30-May-07,31-May-07,05:25:00,FALSE,FALSE,FALSE,07-04-2007,Soyuz TMA-10,ISS
Expedition 15,Fyodor Yurchikhin,265,30-May-07,31-May-07,05:25:00,FALSE,FALSE,FALSE,07-04-2007,Soyuz TMA-10,ISS
Expedition 15,Oleg Kotov,266,06-Jun-07,06-Jun-07,05:37:00,FALSE,FALSE,FALSE,07-04-2007,Soyuz TMA-10,ISS
Expedition 15,Fyodor Yurchikhin,266,06-Jun-07,06-Jun-07,05:37:00,FALSE,FALSE,FALSE,07-04-2007,Soyuz TMA-10,ISS
STS-117,James F. Reilly,267,11-Jun-07,12-Jun-07,06:15:00,FALSE,FALSE,FALSE,08-06-2007,"STS-117, Atlantis",ISS
STS-117,John D. Olivas,267,11-Jun-07,12-Jun-07,06:15:00,FALSE,FALSE,FALSE,08-06-2007,"STS-117, Atlantis",ISS
STS-117,Patrick Forrester,268,13-Jun-07,14-Jun-07,07:16:00,FALSE,FALSE,FALSE,08-06-2007,"STS-117, Atlantis",ISS
STS-117,Steven Swanson,268,13-Jun-07,14-Jun-07,07:16:00,FALSE,FALSE,FALSE,08-06-2007,"STS-117, Atlantis",ISS
STS-117,James F. Reilly,269,15-Jun-07,16-Jun-07,07:58:00,FALSE,FALSE,FALSE,08-06-2007,"STS-117, Atlantis",ISS
STS-117,John D. Olivas,269,15-Jun-07,16-Jun-07,07:58:00,FALSE,FALSE,FALSE,08-06-2007,"STS-117, Atlantis",ISS
STS-117,Patrick Forrester,270,17-Jun-07,17-Jun-07,06:29:00,FALSE,FALSE,FALSE,08-06-2007,"STS-117, Atlantis",ISS
STS-117,Steven Swanson,270,17-Jun-07,17-Jun-07,06:29:00,FALSE,FALSE,FALSE,08-06-2007,"STS-117, Atlantis",ISS
Expedition 15,Clayton Anderson,271,23-Jul-07,23-Jul-07,07:41:00,FALSE,FALSE,FALSE,08-06-2007,"STS-117, Atlantis",ISS
Expedition 15,Fyodor Yurchikhin,271,23-Jul-07,23-Jul-07,07:41:00,FALSE,FALSE,FALSE,07-04-2007,Soyuz TMA-10,ISS
STS-118,Richard Mastracchio,272,11-Aug-07,11-Aug-07,06:17:00,FALSE,FALSE,FALSE,08-08-2007,"STS-118, Endeavour",ISS
STS-118,Dafydd Williams,272,11-Aug-07,11-Aug-07,06:17:00,FALSE,FALSE,FALSE,08-08-2007,"STS-118, Endeavour",ISS
STS-118,Richard Mastracchio,273,13-Aug-07,13-Aug-07,06:28:00,FALSE,FALSE,FALSE,08-08-2007,"STS-118, Endeavour",ISS
STS-118,Dafydd Williams,273,13-Aug-07,13-Aug-07,06:28:00,FALSE,FALSE,FALSE,08-08-2007,"STS-118, Endeavour",ISS
STS-118,Richard Mastracchio,274,15-Aug-07,15-Aug-07,05:28:00,FALSE,FALSE,FALSE,08-08-2007,"STS-118, Endeavour",ISS
STS-118,Clayton Anderson,274,15-Aug-07,15-Aug-07,05:28:00,FALSE,FALSE,FALSE,08-06-2007,"STS-117, Atlantis",ISS
STS-118,Dafydd Williams,275,18-Aug-07,18-Aug-07,04:45:00,FALSE,FALSE,FALSE,08-08-2007,"STS-118, Endeavour",ISS
STS-118,Clayton Anderson,275,18-Aug-07,18-Aug-07,04:45:00,FALSE,FALSE,FALSE,08-06-2007,"STS-117, Atlantis",ISS
STS-120,Scott Parazynski,276,26-Oct-07,26-Oct-07,06:14:00,FALSE,FALSE,FALSE,23-10-2007,"STS-120, Discovery",ISS
STS-120,Douglas H. Wheelock,276,26-Oct-07,26-Oct-07,06:14:00,FALSE,FALSE,FALSE,23-10-2007,"STS-120, Discovery",ISS
STS-120,Scott Parazynski,277,28-Oct-07,28-Oct-07,06:33:00,FALSE,FALSE,FALSE,23-10-2007,"STS-120, Discovery",ISS
STS-120,Daniel Tani,277,28-Oct-07,28-Oct-07,06:33:00,FALSE,FALSE,FALSE,23-10-2007,"STS-120, Discovery",ISS
STS-120,Scott Parazynski,278,30-Oct-07,30-Oct-07,07:08:00,FALSE,FALSE,FALSE,23-10-2007,"STS-120, Discovery",ISS
STS-120,Douglas H. Wheelock,278,30-Oct-07,30-Oct-07,07:08:00,FALSE,FALSE,FALSE,23-10-2007,"STS-120, Discovery",ISS
STS-120,Scott Parazynski,279,03-Nov-07,03-Nov-07,07:19:00,FALSE,FALSE,FALSE,23-10-2007,"STS-120, Discovery",ISS
STS-120,Douglas H. Wheelock,279,03-Nov-07,03-Nov-07,07:19:00,FALSE,FALSE,FALSE,23-10-2007,"STS-120, Discovery",ISS
Expedition 16,Peggy Whitson,280,09-Nov-07,09-Nov-07,06:55:00,FALSE,FALSE,FALSE,10-10-2007,Soyuz TMA-11,ISS
Expedition 16,Yuri Malenchenko,280,09-Nov-07,09-Nov-07,06:55:00,FALSE,FALSE,FALSE,10-10-2007,Soyuz TMA-11,ISS
Expedition 16,Peggy Whitson,281,20-Nov-07,20-Nov-07,07:16:00,FALSE,FALSE,FALSE,10-10-2007,Soyuz TMA-11,ISS
Expedition 16,Daniel Tani,281,20-Nov-07,20-Nov-07,07:16:00,FALSE,FALSE,FALSE,23-10-2007,"STS-120, Discovery",ISS
Expedition 16,Peggy Whitson,282,24-Nov-07,24-Nov-07,07:04:00,FALSE,FALSE,FALSE,10-10-2007,Soyuz TMA-11,ISS
Expedition 16,Daniel Tani,282,24-Nov-07,24-Nov-07,07:04:00,FALSE,FALSE,FALSE,23-10-2007,"STS-120, Discovery",ISS
Expedition 16,Peggy Whitson,283,18-Dec-07,18-Dec-07,06:56:00,FALSE,FALSE,FALSE,10-10-2007,Soyuz TMA-11,ISS
Expedition 16,Daniel Tani,283,18-Dec-07,18-Dec-07,06:56:00,FALSE,FALSE,FALSE,23-10-2007,"STS-120, Discovery",ISS
Expedition 16,Peggy Whitson,284,30-Jan-08,30-Jan-08,07:10:00,FALSE,FALSE,FALSE,10-10-2007,Soyuz TMA-11,ISS
Expedition 16,Daniel Tani,284,30-Jan-08,30-Jan-08,07:10:00,FALSE,FALSE,FALSE,23-10-2007,"STS-120, Discovery",ISS
STS-122,Rex Walheim,285,11-Feb-08,11-Feb-08,07:58:00,FALSE,FALSE,FALSE,07-02-2008,"STS-122, Atlantis",ISS
STS-122,Stanley G. Love,285,11-Feb-08,11-Feb-08,07:58:00,FALSE,FALSE,FALSE,07-02-2008,"STS-122, Atlantis",ISS
STS-122,Rex Walheim,286,13-Feb-08,13-Feb-08,06:45:00,FALSE,FALSE,FALSE,07-02-2008,"STS-122, Atlantis",ISS
STS-122,Hans Schlegel,286,13-Feb-08,13-Feb-08,06:45:00,FALSE,FALSE,FALSE,07-02-2008,"STS-122, Atlantis",ISS
STS-122,Rex Walheim,287,15-Feb-08,15-Feb-08,07:25:00,FALSE,FALSE,FALSE,07-02-2008,"STS-122, Atlantis",ISS
STS-122,Stanley G. Love,287,15-Feb-08,15-Feb-08,07:25:00,FALSE,FALSE,FALSE,07-02-2008,"STS-122, Atlantis",ISS
STS-123,Richard Linnehan,288,14-Mar-08,14-Mar-08,07:01:00,FALSE,FALSE,FALSE,11-03-2008,"STS-123, Endeavour",ISS
STS-123,Garrett Reisman,288,14-Mar-08,14-Mar-08,07:01:00,FALSE,FALSE,FALSE,11-03-2008,"STS-123, Endeavour",ISS
STS-123,Richard Linnehan,289,15-Mar-08,16-Mar-08,07:08:00,FALSE,FALSE,FALSE,11-03-2008,"STS-123, Endeavour",ISS
STS-123,Michael Foreman,289,15-Mar-08,16-Mar-08,07:08:00,FALSE,FALSE,FALSE,11-03-2008,"STS-123, Endeavour",ISS
STS-123,Richard Linnehan,290,17-Mar-08,18-Mar-08,06:53:00,FALSE,FALSE,FALSE,11-03-2008,"STS-123, Endeavour",ISS
STS-123,Robert L. Behnken,290,17-Mar-08,18-Mar-08,06:53:00,FALSE,FALSE,FALSE,11-03-2008,"STS-123, Endeavour",ISS
STS-123,Robert L. Behnken,291,20-Mar-08,21-Mar-08,06:24:00,FALSE,FALSE,FALSE,11-03-2008,"STS-123, Endeavour",ISS
STS-123,Michael Foreman,291,20-Mar-08,21-Mar-08,06:24:00,FALSE,FALSE,FALSE,11-03-2008,"STS-123, Endeavour",ISS
STS-123,Robert L. Behnken,292,22-Mar-08,23-Mar-08,06:02:00,FALSE,FALSE,FALSE,11-03-2008,"STS-123, Endeavour",ISS
STS-123,Michael Foreman,292,22-Mar-08,23-Mar-08,06:02:00,FALSE,FALSE,FALSE,11-03-2008,"STS-123, Endeavour",ISS
STS-124,Ronald Garan,293,03-Jun-08,03-Jun-08,06:48:00,FALSE,FALSE,FALSE,31-05-2008,"STS-124, Discovery",ISS
STS-124,Michael Fossum,293,03-Jun-08,03-Jun-08,06:48:00,FALSE,FALSE,FALSE,31-05-2008,"STS-124, Discovery",ISS
STS-124,Ronald Garan,294,05-Jun-08,05-Jun-08,07:11:00,FALSE,FALSE,FALSE,31-05-2008,"STS-124, Discovery",ISS
STS-124,Michael Fossum,294,05-Jun-08,05-Jun-08,07:11:00,FALSE,FALSE,FALSE,31-05-2008,"STS-124, Discovery",ISS
STS-124,Ronald Garan,295,08-Jun-08,08-Jun-08,06:33:00,FALSE,FALSE,FALSE,31-05-2008,"STS-124, Discovery",ISS
STS-124,Michael Fossum,295,08-Jun-08,08-Jun-08,06:33:00,FALSE,FALSE,FALSE,31-05-2008,"STS-124, Discovery",ISS
Expedition 17,Sergey Volkov,296,10-Jul-08,11-Jul-08,06:18:00,FALSE,FALSE,FALSE,08-04-2008,Soyuz TMA-12,ISS
Expedition 17,Oleg Kononenko,296,10-Jul-08,11-Jul-08,06:18:00,FALSE,FALSE,FALSE,08-04-2008,Soyuz TMA-12,ISS
Expedition 17,Sergey Volkov,297,15-Jul-08,15-Jul-08,05:54:00,FALSE,FALSE,FALSE,08-04-2008,Soyuz TMA-12,ISS
Expedition 17,Oleg Kononenko,297,15-Jul-08,15-Jul-08,05:54:00,FALSE,FALSE,FALSE,08-04-2008,Soyuz TMA-12,ISS
Shenzhou 7,Zhai Zhigang,298,27-Sep-08,27-Sep-08,00:22:00,FALSE,FALSE,FALSE,25-09-2008,Shenzhou 7,Earth Orbit
Shenzhou 7,Liu Boming,298,27-Sep-08,27-Sep-08,00:22:00,FALSE,TRUE,FALSE,25-09-2008,Shenzhou 7,Earth Orbit
STS-126,Heidemarie Stefanyshyn-Piper,299,18-Nov-08,19-Nov-08,06:52:00,FALSE,FALSE,FALSE,15-11-2008,"STS-126, Endeavour",ISS
STS-126,Stephen G. Bowen,299,18-Nov-08,19-Nov-08,06:52:00,FALSE,FALSE,FALSE,15-11-2008,"STS-126, Endeavour",ISS
STS-126,Heidemarie Stefanyshyn-Piper,300,20-Nov-08,21-Nov-08,06:45:00,FALSE,FALSE,FALSE,15-11-2008,"STS-126, Endeavour",ISS
STS-126,Robert S. Kimbrough,300,20-Nov-08,21-Nov-08,06:45:00,FALSE,FALSE,FALSE,15-11-2008,"STS-126, Endeavour",ISS
STS-126,Heidemarie Stefanyshyn-Piper,301,22-Nov-08,23-Nov-08,07:57:00,FALSE,FALSE,FALSE,15-11-2008,"STS-126, Endeavour",ISS
STS-126,Stephen G. Bowen,301,22-Nov-08,23-Nov-08,07:57:00,FALSE,FALSE,FALSE,15-11-2008,"STS-126, Endeavour",ISS
STS-126,Stephen G. Bowen,302,24-Nov-08,25-Nov-08,06:07:00,FALSE,FALSE,FALSE,15-11-2008,"STS-126, Endeavour",ISS
STS-126,Robert S. Kimbrough,302,24-Nov-08,25-Nov-08,06:07:00,FALSE,FALSE,FALSE,15-11-2008,"STS-126, Endeavour",ISS
Expedition 18,Yuri Lonchakov,303,23-Dec-08,23-Dec-08,05:38:00,FALSE,FALSE,FALSE,12-10-2008,Soyuz TMA-13,ISS
Expedition 18,Michael Fincke,303,23-Dec-08,23-Dec-08,05:38:00,FALSE,FALSE,FALSE,12-10-2008,Soyuz TMA-13,ISS
Expedition 18,Yuri Lonchakov,304,10-Mar-09,10-Mar-09,04:49:00,FALSE,FALSE,FALSE,12-10-2008,Soyuz TMA-13,ISS
Expedition 18,Michael Fincke,304,10-Mar-09,10-Mar-09,04:49:00,FALSE,FALSE,FALSE,12-10-2008,Soyuz TMA-13,ISS
STS-119,Steven Swanson,305,19-Mar-09,19-Mar-09,06:07:00,FALSE,FALSE,FALSE,15-03-2009,"STS-119, Discovery",ISS
STS-119,Richard R. Arnold,305,19-Mar-09,19-Mar-09,06:07:00,FALSE,FALSE,FALSE,15-03-2009,"STS-119, Discovery",ISS
STS-119,Steven Swanson,306,21-Mar-09,21-Mar-09,06:30:00,FALSE,FALSE,FALSE,15-03-2009,"STS-119, Discovery",ISS
STS-119,Joseph M. Acaba,306,21-Mar-09,21-Mar-09,06:30:00,FALSE,FALSE,FALSE,15-03-2009,"STS-119, Discovery",ISS
STS-119,Joseph M. Acaba,307,23-Mar-09,23-Mar-09,06:27:00,FALSE,FALSE,FALSE,15-03-2009,"STS-119, Discovery",ISS
STS-119,Richard R. Arnold,307,23-Mar-09,23-Mar-09,06:27:00,FALSE,FALSE,FALSE,15-03-2009,"STS-119, Discovery",ISS
STS-125,John Grunsfeld,308,14-May-09,14-May-09,07:20:00,FALSE,FALSE,FALSE,11-05-2009,"STS-125, Atlantis",Earth Orbit
STS-125,Andrew J. Feustel,308,14-May-09,14-May-09,07:20:00,FALSE,FALSE,FALSE,11-05-2009,"STS-125, Atlantis",Earth Orbit
STS-125,Michael Massimino,309,15-May-09,15-May-09,07:56:00,FALSE,FALSE,FALSE,11-05-2009,"STS-125, Atlantis",Earth Orbit
STS-125,Michael T. Good,309,15-May-09,15-May-09,07:56:00,FALSE,FALSE,FALSE,11-05-2009,"STS-125, Atlantis",Earth Orbit
STS-125,John Grunsfeld,310,16-May-09,16-May-09,06:36:00,FALSE,FALSE,FALSE,11-05-2009,"STS-125, Atlantis",Earth Orbit
STS-125,Andrew J. Feustel,310,16-May-09,16-May-09,06:36:00,FALSE,FALSE,FALSE,11-05-2009,"STS-125, Atlantis",Earth Orbit
STS-125,Michael Massimino,311,17-May-09,17-May-09,08:02:00,FALSE,FALSE,FALSE,11-05-2009,"STS-125, Atlantis",Earth Orbit
STS-125,Michael T. Good,311,17-May-09,17-May-09,08:02:00,FALSE,FALSE,FALSE,11-05-2009,"STS-125, Atlantis",Earth Orbit
STS-125,John Grunsfeld,312,18-May-09,18-May-09,07:02:00,FALSE,FALSE,FALSE,11-05-2009,"STS-125, Atlantis",Earth Orbit
STS-125,Andrew J. Feustel,312,18-May-09,18-May-09,07:02:00,FALSE,FALSE,FALSE,11-05-2009,"STS-125, Atlantis",Earth Orbit
Expedition 20,Gennady Padalka,313,05-Jun-09,05-Jun-09,04:54:00,FALSE,FALSE,FALSE,26-03-2009,Soyuz TMA-14,ISS
Expedition 20,Michael Barratt,313,05-Jun-09,05-Jun-09,04:54:00,FALSE,FALSE,FALSE,26-03-2009,Soyuz TMA-14,ISS
Expedition 20,Gennady Padalka,314,10-Jun-09,10-Jun-09,00:12:00,FALSE,FALSE,FALSE,26-03-2009,Soyuz TMA-14,ISS
Expedition 20,Michael Barratt,314,10-Jun-09,10-Jun-09,00:12:00,FALSE,FALSE,FALSE,26-03-2009,Soyuz TMA-14,ISS
STS-127,David Wolf,315,18-Jul-09,18-Jul-09,05:32:00,FALSE,FALSE,FALSE,15-07-2009,"STS-127, Endeavour",ISS
STS-127,Timothy L. Kopra,315,18-Jul-09,18-Jul-09,05:32:00,FALSE,FALSE,FALSE,15-07-2009,"STS-127, Endeavour",ISS
STS-127,David Wolf,316,20-Jul-09,20-Jul-09,06:53:00,FALSE,FALSE,FALSE,15-07-2009,"STS-127, Endeavour",ISS
STS-127,Thomas H. Marshburn,316,20-Jul-09,20-Jul-09,06:53:00,FALSE,FALSE,FALSE,15-07-2009,"STS-127, Endeavour",ISS
STS-127,David Wolf,317,22-Jul-09,22-Jul-09,05:59:00,FALSE,FALSE,FALSE,15-07-2009,"STS-127, Endeavour",ISS
STS-127,Christopher J. Cassidy,317,22-Jul-09,22-Jul-09,05:59:00,FALSE,FALSE,FALSE,15-07-2009,"STS-127, Endeavour",ISS
STS-127,Thomas H. Marshburn,318,24-Jul-09,24-Jul-09,07:12:00,FALSE,FALSE,FALSE,15-07-2009,"STS-127, Endeavour",ISS
STS-127,Christopher J. Cassidy,318,24-Jul-09,24-Jul-09,07:12:00,FALSE,FALSE,FALSE,15-07-2009,"STS-127, Endeavour",ISS
STS-127,Thomas H. Marshburn,319,27-Jul-09,27-Jul-09,04:54:00,FALSE,FALSE,FALSE,15-07-2009,"STS-127, Endeavour",ISS
STS-127,Christopher J. Cassidy,319,27-Jul-09,27-Jul-09,04:54:00,FALSE,FALSE,FALSE,15-07-2009,"STS-127, Endeavour",ISS
STS-128,John D. Olivas,320,01-Sep-09,02-Sep-09,06:35:00,FALSE,FALSE,FALSE,29-08-2009,"STS-128, Discovery",ISS
STS-128,Nicole Stott,320,01-Sep-09,02-Sep-09,06:35:00,FALSE,FALSE,FALSE,29-08-2009,"STS-128, Discovery",ISS
STS-128,Christer Fuglesang,321,03-Sep-09,04-Sep-09,06:38:00,FALSE,FALSE,FALSE,29-08-2009,"STS-128, Discovery",ISS
STS-128,John D. Olivas,321,03-Sep-09,04-Sep-09,06:38:00,FALSE,FALSE,FALSE,29-08-2009,"STS-128, Discovery",ISS
STS-128,Christer Fuglesang,322,05-Sep-09,06-Sep-09,07:01:00,FALSE,FALSE,FALSE,29-08-2009,"STS-128, Discovery",ISS
STS-128,John D. Olivas,322,05-Sep-09,06-Sep-09,07:01:00,FALSE,FALSE,FALSE,29-08-2009,"STS-128, Discovery",ISS
STS-129,Michael Foreman,323,19-Nov-09,19-Nov-09,06:37:00,FALSE,FALSE,FALSE,16-11-2009,"STS-129, Atlantis",ISS
STS-129,Robert Satcher,323,19-Nov-09,19-Nov-09,06:37:00,FALSE,FALSE,FALSE,16-11-2009,"STS-129, Atlantis",ISS
STS-129,Michael Foreman,324,21-Nov-09,21-Nov-09,06:08:00,FALSE,FALSE,FALSE,16-11-2009,"STS-129, Atlantis",ISS
STS-129,Randolph Bresnik,324,21-Nov-09,21-Nov-09,06:08:00,FALSE,FALSE,FALSE,16-11-2009,"STS-129, Atlantis",ISS
STS-129,Robert Satcher,325,23-Nov-09,23-Nov-09,05:42:00,FALSE,FALSE,FALSE,16-11-2009,"STS-129, Atlantis",ISS
STS-129,Randolph Bresnik,325,23-Nov-09,23-Nov-09,05:42:00,FALSE,FALSE,FALSE,16-11-2009,"STS-129, Atlantis",ISS
Expedition 22,Oleg Kotov,326,14-Jan-10,14-Jan-10,05:44:00,FALSE,FALSE,FALSE,20-12-2009,Soyuz TMA-17,ISS
Expedition 22,Maksim Surayev,326,14-Jan-10,14-Jan-10,05:44:00,FALSE,FALSE,FALSE,30-09-2009,Soyuz TMA-16,ISS
STS-130,Robert L. Behnken,327,12-Feb-10,12-Feb-10,06:32:00,FALSE,FALSE,FALSE,08-02-2010,"STS-130, Endeavour",ISS
STS-130,Nicholas Patrick,327,12-Feb-10,12-Feb-10,06:32:00,FALSE,FALSE,FALSE,08-02-2010,"STS-130, Endeavour",ISS
STS-130,Robert L. Behnken,328,14-Feb-10,14-Feb-10,05:54:00,FALSE,FALSE,FALSE,08-02-2010,"STS-130, Endeavour",ISS
STS-130,Nicholas Patrick,328,14-Feb-10,14-Feb-10,05:54:00,FALSE,FALSE,FALSE,08-02-2010,"STS-130, Endeavour",ISS
STS-130,Robert L. Behnken,329,17-Feb-10,17-Feb-10,05:48:00,FALSE,FALSE,FALSE,08-02-2010,"STS-130, Endeavour",ISS
STS-130,Nicholas Patrick,329,17-Feb-10,17-Feb-10,05:48:00,FALSE,FALSE,FALSE,08-02-2010,"STS-130, Endeavour",ISS
STS-131,Richard Mastracchio,330,09-Apr-10,09-Apr-10,06:27:00,FALSE,FALSE,FALSE,05-04-2010,"STS-131, Discovery",ISS
STS-131,Clayton Anderson,330,09-Apr-10,09-Apr-10,06:27:00,FALSE,FALSE,FALSE,05-04-2010,"STS-131, Discovery",ISS
STS-131,Richard Mastracchio,331,11-Apr-10,11-Apr-10,07:26:00,FALSE,FALSE,FALSE,05-04-2010,"STS-131, Discovery",ISS
STS-131,Clayton Anderson,331,11-Apr-10,11-Apr-10,07:26:00,FALSE,FALSE,FALSE,05-04-2010,"STS-131, Discovery",ISS
STS-131,Richard Mastracchio,332,13-Apr-10,13-Apr-10,06:22:00,FALSE,FALSE,FALSE,05-04-2010,"STS-131, Discovery",ISS
STS-131,Clayton Anderson,332,13-Apr-10,13-Apr-10,06:22:00,FALSE,FALSE,FALSE,05-04-2010,"STS-131, Discovery",ISS
STS-132,Garrett Reisman,333,17-May-10,17-May-10,07:25:00,FALSE,FALSE,FALSE,14-05-2010,"STS-132, Atlantis",ISS
STS-132,Stephen G. Bowen,333,17-May-10,17-May-10,07:25:00,FALSE,FALSE,FALSE,14-05-2010,"STS-132, Atlantis",ISS
STS-132,Stephen G. Bowen,334,19-May-10,19-May-10,07:09:00,FALSE,FALSE,FALSE,14-05-2010,"STS-132, Atlantis",ISS
STS-132,Michael T. Good,334,19-May-10,19-May-10,07:09:00,FALSE,FALSE,FALSE,14-05-2010,"STS-132, Atlantis",ISS
STS-132,Michael T. Good,335,21-May-10,21-May-10,06:46:00,FALSE,FALSE,FALSE,14-05-2010,"STS-132, Atlantis",ISS
STS-132,Garrett Reisman,335,21-May-10,21-May-10,06:46:00,FALSE,FALSE,FALSE,14-05-2010,"STS-132, Atlantis",ISS
Expedition 24,Fyodor Yurchikhin,336,27-Jul-10,27-Jul-10,06:42:00,FALSE,FALSE,FALSE,15-06-2010,Soyuz TMA-19,ISS
Expedition 24,Mikhail Korniyenko,336,27-Jul-10,27-Jul-10,06:42:00,FALSE,FALSE,FALSE,02-04-2010,Soyuz TMA-18,ISS
Expedition 24,Douglas H. Wheelock,337,07-Aug-10,07-Aug-10,08:03:00,FALSE,FALSE,FALSE,15-06-2010,Soyuz TMA-19,ISS
Expedition 24,Tracy Caldwell Dyson,337,07-Aug-10,07-Aug-10,08:03:00,FALSE,FALSE,FALSE,02-04-2010,Soyuz TMA-18,ISS
Expedition 24,Douglas H. Wheelock,338,11-Aug-10,11-Aug-10,07:26:00,FALSE,FALSE,FALSE,15-06-2010,Soyuz TMA-19,ISS
Expedition 24,Tracy Caldwell Dyson,338,11-Aug-10,11-Aug-10,07:26:00,FALSE,FALSE,FALSE,02-04-2010,Soyuz TMA-18,ISS
Expedition 24,Douglas H. Wheelock,339,16-Aug-10,16-Aug-10,07:20:00,FALSE,FALSE,FALSE,15-06-2010,Soyuz TMA-19,ISS
Expedition 24,Tracy Caldwell Dyson,339,16-Aug-10,16-Aug-10,07:20:00,FALSE,FALSE,FALSE,02-04-2010,Soyuz TMA-18,ISS
Expedition 25,Fyodor Yurchikhin,340,15-Nov-10,15-Nov-10,06:27:00,FALSE,FALSE,FALSE,15-06-2010,Soyuz TMA-19,ISS
Expedition 25,Oleg Skripochka,340,15-Nov-10,15-Nov-10,06:27:00,FALSE,FALSE,FALSE,07-10-2010,Soyuz TMA-01M,ISS
Expedition 26,Dmitri Kondratyev,341,21-Jan-11,21-Jan-11,05:23:00,FALSE,FALSE,FALSE,15-12-2010,Soyuz TMA-20,ISS
Expedition 26,Oleg Skripochka,341,21-Jan-11,21-Jan-11,05:23:00,FALSE,FALSE,FALSE,07-10-2010,Soyuz TMA-01M,ISS
Expedition 26,Dmitri Kondratyev,342,16-Feb-11,16-Feb-11,04:51:00,FALSE,FALSE,FALSE,15-12-2010,Soyuz TMA-20,ISS
Expedition 26,Oleg Skripochka,342,16-Feb-11,16-Feb-11,04:51:00,FALSE,FALSE,FALSE,07-10-2010,Soyuz TMA-01M,ISS
STS-133,B. Alvin Drew,343,28-Feb-11,28-Feb-11,06:34:00,FALSE,FALSE,FALSE,24-02-2011,"STS-133, Discovery",ISS
STS-133,Stephen G. Bowen,343,28-Feb-11,28-Feb-11,06:34:00,FALSE,FALSE,FALSE,24-02-2011,"STS-133, Discovery",ISS
STS-133,B. Alvin Drew,344,02-Mar-11,02-Mar-11,06:14:00,FALSE,FALSE,FALSE,24-02-2011,"STS-133, Discovery",ISS
STS-133,Stephen G. Bowen,344,02-Mar-11,02-Mar-11,06:14:00,FALSE,FALSE,FALSE,24-02-2011,"STS-133, Discovery",ISS
STS-134,Andrew J. Feustel,345,20-May-11,20-May-11,06:19:00,FALSE,FALSE,FALSE,16-05-2011,"STS-134, Endeavour",ISS
STS-134,Gregory Chamitoff,345,20-May-11,20-May-11,06:19:00,FALSE,FALSE,FALSE,16-05-2011,"STS-134, Endeavour",ISS
STS-134,Andrew J. Feustel,346,22-May-11,22-May-11,08:07:00,FALSE,FALSE,FALSE,16-05-2011,"STS-134, Endeavour",ISS
STS-134,Michael Fincke,346,22-May-11,22-May-11,08:07:00,FALSE,FALSE,FALSE,16-05-2011,"STS-134, Endeavour",ISS
STS-134,Andrew J. Feustel,347,25-May-11,25-May-11,06:54:00,FALSE,FALSE,FALSE,16-05-2011,"STS-134, Endeavour",ISS
STS-134,Michael Fincke,347,25-May-11,25-May-11,06:54:00,FALSE,FALSE,FALSE,16-05-2011,"STS-134, Endeavour",ISS
STS-134,Michael Fincke,348,27-May-11,27-May-11,07:24:00,FALSE,FALSE,FALSE,16-05-2011,"STS-134, Endeavour",ISS
STS-134,Gregory Chamitoff,348,27-May-11,27-May-11,07:24:00,FALSE,FALSE,FALSE,16-05-2011,"STS-134, Endeavour",ISS
Expedition 28,Ronald Garan,349,12-Jul-11,12-Jul-11,06:31:00,FALSE,FALSE,FALSE,04-04-2011,Soyuz TMA-21,ISS
Expedition 28,Michael Fossum,349,12-Jul-11,12-Jul-11,06:31:00,FALSE,FALSE,FALSE,07-06-2011,Soyuz TMA-02M,ISS
Expedition 28,Sergey Volkov,350,03-Aug-11,03-Aug-11,06:23:00,FALSE,FALSE,FALSE,07-06-2011,Soyuz TMA-02M,ISS
Expedition 28,Aleksandr Samokutyayev,350,03-Aug-11,03-Aug-11,06:23:00,FALSE,FALSE,FALSE,04-04-2011,Soyuz TMA-21,ISS
Expedition 30,Oleg Kononenko,351,16-Feb-12,16-Feb-12,06:15:00,FALSE,FALSE,FALSE,21-12-2011,Soyuz TMA-03M,ISS
Expedition 30,Anton Shkaplerov,351,16-Feb-12,16-Feb-12,06:15:00,FALSE,FALSE,FALSE,14-11-2011,Soyuz TMA-22,ISS
Expedition 32,Gennady Padalka,352,20-Aug-12,20-Aug-12,05:51:00,FALSE,FALSE,FALSE,15-05-2012,Soyuz TMA-04M,ISS
Expedition 32,Yuri Malenchenko,352,20-Aug-12,20-Aug-12,05:51:00,FALSE,FALSE,FALSE,15-07-2012,Soyuz TMA-05M,ISS
Expedition 32,Sunita Williams,353,30-Aug-12,30-Aug-12,08:17:00,FALSE,FALSE,FALSE,15-07-2012,Soyuz TMA-05M,ISS
Expedition 32,Akihiko Hoshide,353,30-Aug-12,30-Aug-12,08:17:00,FALSE,FALSE,FALSE,15-07-2012,Soyuz TMA-05M,ISS
Expedition 32,Sunita Williams,354,05-Sep-12,05-Sep-12,06:28:00,FALSE,FALSE,FALSE,15-07-2012,Soyuz TMA-05M,ISS
Expedition 32,Akihiko Hoshide,354,05-Sep-12,05-Sep-12,06:28:00,FALSE,FALSE,FALSE,15-07-2012,Soyuz TMA-05M,ISS
Expedition 33,Sunita Williams,355,01-Nov-12,01-Nov-12,06:38:00,FALSE,FALSE,FALSE,15-07-2012,Soyuz TMA-05M,ISS
Expedition 33,Akihiko Hoshide,355,01-Nov-12,01-Nov-12,06:38:00,FALSE,FALSE,FALSE,15-07-2012,Soyuz TMA-05M,ISS
Expedition 35,Pavel Vinogradov,356,19-Apr-13,19-Apr-13,06:38:00,FALSE,FALSE,FALSE,28-03-2013,Soyuz TMA-08M,ISS
Expedition 35,Roman Romanenko,356,19-Apr-13,19-Apr-13,06:38:00,FALSE,FALSE,FALSE,19-12-2012,Soyuz TMA-07M,ISS
Expedition 35,Christopher J. Cassidy,357,11-May-13,11-May-13,05:30:00,FALSE,FALSE,FALSE,28-03-2013,Soyuz TMA-08M,ISS
Expedition 35,Thomas H. Marshburn,357,11-May-13,11-May-13,05:30:00,FALSE,FALSE,FALSE,19-12-2012,Soyuz TMA-07M,ISS
Expedition 36,Fyodor Yurchikhin,358,24-Jun-13,24-Jun-13,06:34:00,FALSE,FALSE,FALSE,28-05-2013,Soyuz TMA-09M,ISS
Expedition 36,Alexander Misurkin,358,24-Jun-13,24-Jun-13,06:34:00,FALSE,FALSE,FALSE,28-03-2013,Soyuz TMA-08M,ISS
Expedition 36,Christopher J. Cassidy,359,09-Jul-13,09-Jul-13,06:07:00,FALSE,FALSE,FALSE,28-03-2013,Soyuz TMA-08M,ISS
Expedition 36,Luca Parmitano,359,09-Jul-13,09-Jul-13,06:07:00,FALSE,FALSE,FALSE,28-05-2013,Soyuz TMA-09M,ISS
Expedition 36,Christopher J. Cassidy,360,16-Jul-13,16-Jul-13,01:32:00,FALSE,FALSE,FALSE,28-03-2013,Soyuz TMA-08M,ISS
Expedition 36,Luca Parmitano,360,16-Jul-13,16-Jul-13,01:32:00,FALSE,FALSE,FALSE,28-05-2013,Soyuz TMA-09M,ISS
Expedition 36,Fyodor Yurchikhin,361,16-Aug-13,16-Aug-13,07:29:00,FALSE,FALSE,FALSE,28-05-2013,Soyuz TMA-09M,ISS
Expedition 36,Alexander Misurkin,361,16-Aug-13,16-Aug-13,07:29:00,FALSE,FALSE,FALSE,28-03-2013,Soyuz TMA-08M,ISS
Expedition 36,Fyodor Yurchikhin,362,22-Aug-13,22-Aug-13,05:58:00,FALSE,FALSE,FALSE,28-05-2013,Soyuz TMA-09M,ISS
Expedition 36,Alexander Misurkin,362,22-Aug-13,22-Aug-13,05:58:00,FALSE,FALSE,FALSE,28-03-2013,Soyuz TMA-08M,ISS
Expedition 37,Oleg Kotov,363,09-Nov-13,09-Nov-13,05:50:00,FALSE,FALSE,FALSE,25-09-2013,Soyuz TMA-10M,ISS
Expedition 37,Sergey Ryazansky,363,09-Nov-13,09-Nov-13,05:50:00,FALSE,FALSE,FALSE,25-09-2013,Soyuz TMA-10M,ISS
Expedition 38,Richard Mastracchio,364,21-Dec-13,21-Dec-13,05:28:00,FALSE,FALSE,FALSE,07-11-2013,Soyuz TMA-11M,ISS
Expedition 38,Michael S. Hopkins,364,21-Dec-13,21-Dec-13,05:28:00,FALSE,FALSE,FALSE,25-09-2013,Soyuz TMA-10M,ISS
Expedition 38,Richard Mastracchio,365,24-Dec-13,24-Dec-13,07:30:00,FALSE,FALSE,FALSE,07-11-2013,Soyuz TMA-11M,ISS
Expedition 38,Michael S. Hopkins,365,24-Dec-13,24-Dec-13,07:30:00,FALSE,FALSE,FALSE,25-09-2013,Soyuz TMA-10M,ISS
Expedition 38,Oleg Kotov,366,27-Dec-13,27-Dec-13,08:07:00,FALSE,FALSE,FALSE,25-09-2013,Soyuz TMA-10M,ISS
Expedition 38,Sergey Ryazansky,366,27-Dec-13,27-Dec-13,08:07:00,FALSE,FALSE,FALSE,25-09-2013,Soyuz TMA-10M,ISS
Expedition 38,Oleg Kotov,367,27-Jan-14,27-Jan-14,06:08:00,FALSE,FALSE,FALSE,25-09-2013,Soyuz TMA-10M,ISS
Expedition 38,Sergey Ryazansky,367,27-Jan-14,27-Jan-14,06:08:00,FALSE,FALSE,FALSE,25-09-2013,Soyuz TMA-10M,ISS
Expedition 39,Richard Mastracchio,368,23-Apr-14,23-Apr-14,01:36:00,FALSE,FALSE,FALSE,07-11-2013,Soyuz TMA-11M,ISS
Expedition 39,Steven Swanson,368,23-Apr-14,23-Apr-14,01:36:00,FALSE,FALSE,FALSE,25-03-2014,Soyuz TMA-12M,ISS
Expedition 40,Aleksandr Skvortsov,369,19-Jun-14,19-Jun-14,07:23:00,FALSE,FALSE,FALSE,25-03-2014,Soyuz TMA-12M,ISS
Expedition 40,Oleg Artemyev,369,19-Jun-14,19-Jun-14,07:23:00,FALSE,FALSE,FALSE,25-03-2014,Soyuz TMA-12M,ISS
Expedition 40,Aleksandr Skvortsov,370,18-Aug-14,18-Aug-14,05:11:00,FALSE,FALSE,FALSE,25-03-2014,Soyuz TMA-12M,ISS
Expedition 40,Oleg Artemyev,370,18-Aug-14,18-Aug-14,05:11:00,FALSE,FALSE,FALSE,25-03-2014,Soyuz TMA-12M,ISS
Expedition 41,Gregory R. Wiseman,371,07-Oct-14,07-Oct-14,06:13:00,FALSE,FALSE,FALSE,28-05-2014,Soyuz TMA-13M,ISS
Expedition 41,Alexander Gerst,371,07-Oct-14,07-Oct-14,06:13:00,FALSE,FALSE,FALSE,28-05-2014,Soyuz TMA-13M,ISS
Expedition 41,Gregory R. Wiseman,372,15-Oct-14,15-Oct-14,06:34:00,FALSE,FALSE,FALSE,28-05-2014,Soyuz TMA-13M,ISS
Expedition 41,Barry Wilmore,372,15-Oct-14,15-Oct-14,06:34:00,FALSE,FALSE,FALSE,25-09-2014,Soyuz TMA-14M,ISS
Expedition 41,Maksim Surayev,373,22-Oct-14,22-Oct-14,03:38:00,FALSE,FALSE,FALSE,28-05-2014,Soyuz TMA-13M,ISS
Expedition 41,Aleksandr Samokutyayev,373,22-Oct-14,22-Oct-14,03:38:00,FALSE,FALSE,FALSE,25-09-2014,Soyuz TMA-14M,ISS
Expedition 42/43,Barry Wilmore,374,21-Feb-15,21-Feb-15,06:41:00,FALSE,FALSE,FALSE,25-09-2014,Soyuz TMA-14M,ISS
Expedition 42/43,Terry W. Virts,374,21-Feb-15,21-Feb-15,06:41:00,FALSE,FALSE,FALSE,23-11-2014,Soyuz TMA-15M,ISS
Expedition 42/43,Barry Wilmore,375,25-Feb-15,25-Feb-15,06:43:00,FALSE,FALSE,FALSE,25-09-2014,Soyuz TMA-14M,ISS
Expedition 42/43,Terry W. Virts,375,25-Feb-15,25-Feb-15,06:43:00,FALSE,FALSE,FALSE,23-11-2014,Soyuz TMA-15M,ISS
Expedition 42/43,Terry W. Virts,376,01-Mar-15,01-Mar-15,05:38:00,FALSE,FALSE,FALSE,23-11-2014,Soyuz TMA-15M,ISS
Expedition 42/43,Barry Wilmore,376,01-Mar-15,01-Mar-15,05:38:00,FALSE,FALSE,FALSE,25-09-2014,Soyuz TMA-14M,ISS
Expedition 44/45,Gennady Padalka,377,10-Aug-15,10-Aug-15,05:31:00,FALSE,FALSE,FALSE,27-03-2015,Soyuz TMA-16M,ISS
Expedition 44/45,Mikhail Korniyenko,377,10-Aug-15,10-Aug-15,05:31:00,FALSE,FALSE,FALSE,27-03-2015,Soyuz TMA-16M,ISS
Expedition 45,Scott Kelly,378,28-Oct-15,28-Oct-15,07:16:00,FALSE,FALSE,FALSE,27-03-2015,Soyuz TMA-16M,ISS
Expedition 45,Kjell N. Lindgren,378,28-Oct-15,28-Oct-15,07:16:00,FALSE,FALSE,FALSE,22-07-2015,Soyuz TMA-17M,ISS
Expedition 45,Scott Kelly,379,06-Nov-15,06-Nov-15,07:48:00,FALSE,FALSE,FALSE,27-03-2015,Soyuz TMA-16M,ISS
Expedition 45,Kjell N. Lindgren,379,06-Nov-15,06-Nov-15,07:48:00,FALSE,FALSE,FALSE,22-07-2015,Soyuz TMA-17M,ISS
Expedition 46,Scott Kelly,380,21-Dec-15,21-Dec-15,03:16:00,FALSE,FALSE,FALSE,27-03-2015,Soyuz TMA-16M,ISS
Expedition 46,Timothy L. Kopra,380,21-Dec-15,21-Dec-15,03:16:00,FALSE,FALSE,FALSE,15-12-2015,Soyuz TMA-19M,ISS
Expedition 46,Timothy L. Kopra,381,15-Jan-16,15-Jan-16,04:43:00,FALSE,FALSE,FALSE,15-12-2015,Soyuz TMA-19M,ISS
Expedition 46,Tim Peake,381,15-Jan-16,15-Jan-16,04:43:00,FALSE,FALSE,FALSE,15-12-2015,Soyuz TMA-19M,ISS
Expedition 46,Yuri Malenchenko,382,03-Feb-16,03-Feb-16,04:45:00,FALSE,FALSE,FALSE,15-12-2015,Soyuz TMA-19M,ISS
Expedition 46,Sergey Volkov,382,03-Feb-16,03-Feb-16,04:45:00,FALSE,FALSE,FALSE,02-09-2015,Soyuz TMA-18M,ISS
Expedition 48,Jeffrey Williams,383,19-Aug-16,19-Aug-16,05:58:00,FALSE,FALSE,FALSE,18-03-2016,Soyuz TMA-20M,ISS
Expedition 48,Kathleen Rubins,383,19-Aug-16,19-Aug-16,05:58:00,FALSE,FALSE,FALSE,07-07-2016,Soyuz MS-01,ISS
Expedition 48,Jeffrey Williams,384,01-Sep-16,01-Sep-16,06:48:00,FALSE,FALSE,FALSE,18-03-2016,Soyuz TMA-20M,ISS
Expedition 48,Kathleen Rubins,384,01-Sep-16,01-Sep-16,06:48:00,FALSE,FALSE,FALSE,07-07-2016,Soyuz MS-01,ISS
Expedition 50,Robert S. Kimbrough,385,06-Jan-17,06-Jan-17,06:31:00,FALSE,FALSE,FALSE,19-10-2016,Soyuz MS-02,ISS
Expedition 50,Peggy Whitson,385,06-Jan-17,06-Jan-17,06:31:00,FALSE,FALSE,FALSE,17-11-2016,Soyuz MS-03,ISS
Expedition 50,Robert S. Kimbrough,386,13-Jan-17,13-Jan-17,05:58:00,FALSE,FALSE,FALSE,19-10-2016,Soyuz MS-02,ISS
Expedition 50,Thomas Pesquet,386,13-Jan-17,13-Jan-17,05:58:00,FALSE,FALSE,FALSE,17-11-2016,Soyuz MS-03,ISS
Expedition 50,Robert S. Kimbrough,387,24-Mar-17,24-Mar-17,06:34:00,FALSE,FALSE,FALSE,19-10-2016,Soyuz MS-02,ISS
Expedition 50,Thomas Pesquet,387,24-Mar-17,24-Mar-17,06:34:00,FALSE,FALSE,FALSE,17-11-2016,Soyuz MS-03,ISS
Expedition 50,Robert S. Kimbrough,388,30-Mar-17,30-Mar-17,07:04:00,FALSE,FALSE,FALSE,19-10-2016,Soyuz MS-02,ISS
Expedition 50,Peggy Whitson,388,30-Mar-17,30-Mar-17,07:04:00,FALSE,FALSE,FALSE,17-11-2016,Soyuz MS-03,ISS
Expedition 51,Peggy Whitson,389,12-May-17,12-May-17,04:20:00,FALSE,FALSE,FALSE,17-11-2016,Soyuz MS-03,ISS
Expedition 51,Jack D. Fischer,389,12-May-17,12-May-17,04:20:00,FALSE,FALSE,FALSE,02-04-2017,Soyuz MS-04,ISS
Expedition 51,Peggy Whitson,390,23-May-17,23-May-17,02:46:00,FALSE,FALSE,FALSE,17-11-2016,Soyuz MS-03,ISS
Expedition 51,Jack D. Fischer,390,23-May-17,23-May-17,02:46:00,FALSE,FALSE,FALSE,02-04-2017,Soyuz MS-04,ISS
Expedition 52,Fyodor Yurchikhin,391,17-Aug-17,17-Aug-17,07:34:00,FALSE,FALSE,FALSE,02-04-2017,Soyuz MS-04,ISS
Expedition 52,Sergey Ryazansky,391,17-Aug-17,17-Aug-17,07:34:00,FALSE,FALSE,FALSE,28-07-2017,Soyuz MS-05,ISS
Expedition 53,Randolph Bresnik,392,05-Oct-17,05-Oct-17,06:55:00,FALSE,FALSE,FALSE,28-07-2017,Soyuz MS-05,ISS
Expedition 53,Mark T. Vande Hei,392,05-Oct-17,05-Oct-17,06:55:00,FALSE,FALSE,FALSE,12-09-2017,Soyuz MS-06,ISS
Expedition 53,Randolph Bresnik,393,10-Oct-17,10-Oct-17,06:26:00,FALSE,FALSE,FALSE,28-07-2017,Soyuz MS-05,ISS
Expedition 53,Mark T. Vande Hei,393,10-Oct-17,10-Oct-17,06:26:00,FALSE,FALSE,FALSE,12-09-2017,Soyuz MS-06,ISS
Expedition 53,Randolph Bresnik,394,20-Oct-17,20-Oct-17,06:49:00,FALSE,FALSE,FALSE,28-07-2017,Soyuz MS-05,ISS
Expedition 53,Joseph M. Acaba,394,20-Oct-17,20-Oct-17,06:49:00,FALSE,FALSE,FALSE,12-09-2017,Soyuz MS-06,ISS
Expedition 54,Mark T. Vande Hei,395,23-Jan-18,23-Jan-18,07:24:00,FALSE,FALSE,FALSE,12-09-2017,Soyuz MS-06,ISS
Expedition 54,Scott Tingle,395,23-Jan-18,23-Jan-18,07:24:00,FALSE,FALSE,FALSE,17-12-2017,Soyuz MS-07,ISS
Expedition 54,Alexander Misurkin,396,02-Feb-18,02-Feb-18,08:13:00,FALSE,FALSE,FALSE,12-09-2017,Soyuz MS-06,ISS
Expedition 54,Anton Shkaplerov,396,02-Feb-18,02-Feb-18,08:13:00,FALSE,FALSE,FALSE,17-12-2017,Soyuz MS-07,ISS
Expedition 54,Mark T. Vande Hei,397,16-Feb-18,16-Feb-18,05:57:00,FALSE,FALSE,FALSE,12-09-2017,Soyuz MS-06,ISS
Expedition 54,Norishige Kanai,397,16-Feb-18,16-Feb-18,05:57:00,FALSE,FALSE,FALSE,17-12-2017,Soyuz MS-07,ISS
Expedition 55,Andrew J. Feustel,398,29-Mar-18,29-Mar-18,06:10:00,FALSE,FALSE,FALSE,21-03-2018,Soyuz MS-08,ISS
Expedition 55,Richard R. Arnold,398,29-Mar-18,29-Mar-18,06:10:00,FALSE,FALSE,FALSE,21-03-2018,Soyuz MS-08,ISS
Expedition 55,Andrew J. Feustel,399,16-May-18,16-May-18,06:31:00,FALSE,FALSE,FALSE,21-03-2018,Soyuz MS-08,ISS
Expedition 55,Richard R. Arnold,399,16-May-18,16-May-18,06:31:00,FALSE,FALSE,FALSE,21-03-2018,Soyuz MS-08,ISS
Expedition 56,Andrew J. Feustel,400,14-Jun-18,14-Jun-18,06:49:00,FALSE,FALSE,FALSE,21-03-2018,Soyuz MS-08,ISS
Expedition 56,Richard R. Arnold,400,14-Jun-18,14-Jun-18,06:49:00,FALSE,FALSE,FALSE,21-03-2018,Soyuz MS-08,ISS
Expedition 56,Oleg Artemyev,401,15-Aug-18,16-Aug-18,07:46:00,FALSE,FALSE,FALSE,21-03-2018,Soyuz MS-08,ISS
Expedition 56,Sergey Prokopyev,401,15-Aug-18,16-Aug-18,07:46:00,FALSE,FALSE,FALSE,06-06-2018,Soyuz MS-09,ISS
Expedition 57,Oleg Kononenko,402,11-Dec-18,11-Dec-18,05:45:00,FALSE,FALSE,FALSE,03-12-2018,Soyuz MS-11,ISS
Expedition 57,Sergey Prokopyev,402,11-Dec-18,11-Dec-18,05:45:00,FALSE,FALSE,FALSE,06-06-2018,Soyuz MS-09,ISS
Expedition 59,Anne McClain,403,22-Mar-19,22-Mar-19,06:39:00,FALSE,FALSE,FALSE,03-12-2018,Soyuz MS-11,ISS
Expedition 59,Nick Hague,403,22-Mar-19,22-Mar-19,06:39:00,FALSE,FALSE,FALSE,14-03-2019,Soyuz MS-12,ISS
Expedition 59,Nick Hague,404,29-Mar-19,29-Mar-19,06:45:00,FALSE,FALSE,FALSE,14-03-2019,Soyuz MS-12,ISS
Expedition 59,Christina Koch,404,29-Mar-19,29-Mar-19,06:45:00,FALSE,FALSE,FALSE,14-03-2019,Soyuz MS-12,ISS
Expedition 59,Anne McClain,405,08-Apr-19,08-Apr-19,06:29:00,FALSE,FALSE,FALSE,03-12-2018,Soyuz MS-11,ISS
Expedition 59,David Saint-Jacques,405,08-Apr-19,08-Apr-19,06:29:00,FALSE,FALSE,FALSE,03-12-2018,Soyuz MS-11,ISS
Expedition 59,Oleg Kononenko,406,29-May-19,29-May-19,06:01:00,FALSE,FALSE,FALSE,03-12-2018,Soyuz MS-11,ISS
Expedition 59,Aleksey Ovchinin,406,29-May-19,29-May-19,06:01:00,FALSE,FALSE,FALSE,14-03-2019,Soyuz MS-12,ISS
Expedition 60,Nick Hague,407,21-Aug-19,21-Aug-19,06:32:00,FALSE,FALSE,FALSE,14-03-2019,Soyuz MS-12,ISS
Expedition 60,Andrew Morgan,407,21-Aug-19,21-Aug-19,06:32:00,FALSE,FALSE,FALSE,20-07-2019,Soyuz MS-13,ISS
Expedition 61,Christina Koch,408,06-Oct-19,06-Oct-19,07:01:00,FALSE,FALSE,FALSE,14-03-2019,Soyuz MS-12,ISS
Expedition 61,Andrew Morgan,408,06-Oct-19,06-Oct-19,07:01:00,FALSE,FALSE,FALSE,20-07-2019,Soyuz MS-13,ISS
Expedition 61,Andrew Morgan,409,11-Oct-19,11-Oct-19,06:45:00,FALSE,FALSE,FALSE,20-07-2019,Soyuz MS-13,ISS
Expedition 61,Christina Koch,409,11-Oct-19,11-Oct-19,06:45:00,FALSE,FALSE,FALSE,14-03-2019,Soyuz MS-12,ISS
Expedition 61,Christina Koch,410,18-Oct-19,18-Oct-19,07:17:00,FALSE,FALSE,FALSE,14-03-2019,Soyuz MS-12,ISS
Expedition 61,Jessica Meir,410,18-Oct-19,18-Oct-19,07:17:00,FALSE,FALSE,FALSE,25-09-2019,Soyuz MS-15,ISS
Expedition 61,Luca Parmitano,411,15-Nov-19,15-Nov-19,06:39:00,FALSE,FALSE,FALSE,20-07-2019,Soyuz MS-13,ISS
Expedition 61,Andrew Morgan,411,15-Nov-19,15-Nov-19,06:39:00,FALSE,FALSE,FALSE,20-07-2019,Soyuz MS-13,ISS
Expedition 61,Luca Parmitano,412,22-Nov-19,22-Nov-19,06:33:00,FALSE,FALSE,FALSE,20-07-2019,Soyuz MS-13,ISS
Expedition 61,Andrew Morgan,412,22-Nov-19,22-Nov-19,06:33:00,FALSE,FALSE,FALSE,20-07-2019,Soyuz MS-13,ISS
Expedition 61,Luca Parmitano,413,02-Dec-19,02-Dec-19,06:02:00,FALSE,FALSE,FALSE,20-07-2019,Soyuz MS-13,ISS
Expedition 61,Andrew Morgan,413,02-Dec-19,02-Dec-19,06:02:00,FALSE,FALSE,FALSE,20-07-2019,Soyuz MS-13,ISS
Expedition 61,Christina Koch,414,15-Jan-20,15-Jan-20,07:29:00,FALSE,FALSE,FALSE,14-03-2019,Soyuz MS-12,ISS
Expedition 61,Jessica Meir,414,15-Jan-20,15-Jan-20,07:29:00,FALSE,FALSE,FALSE,25-09-2019,Soyuz MS-15,ISS
Expedition 61,Christina Koch,415,20-Jan-20,20-Jan-20,06:58:00,FALSE,FALSE,FALSE,14-03-2019,Soyuz MS-12,ISS
Expedition 61,Jessica Meir,415,20-Jan-20,20-Jan-20,06:58:00,FALSE,FALSE,FALSE,25-09-2019,Soyuz MS-15,ISS
Expedition 61,Andrew Morgan,416,25-Jan-20,25-Jan-20,06:16:00,FALSE,FALSE,FALSE,20-07-2019,Soyuz MS-13,ISS
Expedition 61,Luca Parmitano,416,25-Jan-20,25-Jan-20,06:16:00,FALSE,FALSE,FALSE,20-07-2019,Soyuz MS-13,ISS
Expedition 63,Christopher J. Cassidy,417,26-Jun-20,26-Jun-20,06:07:00,FALSE,FALSE,FALSE,09-04-2020,Soyuz MS-16,ISS
Expedition 63,Robert L. Behnken,417,26-Jun-20,26-Jun-20,06:07:00,FALSE,FALSE,FALSE,30-05-2020,SpaceX Demo-2,ISS
Expedition 63,Christopher J. Cassidy,418,01-Jul-20,01-Jul-20,06:01:00,FALSE,FALSE,FALSE,09-04-2020,Soyuz MS-16,ISS
Expedition 63,Robert L. Behnken,418,01-Jul-20,01-Jul-20,06:01:00,FALSE,FALSE,FALSE,30-05-2020,SpaceX Demo-2,ISS
Expedition 63,Christopher J. Cassidy,419,16-Jul-20,16-Jul-20,06:00:00,FALSE,FALSE,FALSE,09-04-2020,Soyuz MS-16,ISS
Expedition 63,Robert L. Behnken,419,16-Jul-20,16-Jul-20,06:00:00,FALSE,FALSE,FALSE,30-05-2020,SpaceX Demo-2,ISS
Expedition 63,Christopher J. Cassidy,420,21-Jul-20,21-Jul-20,05:29:00,FALSE,FALSE,FALSE,09-04-2020,Soyuz MS-16,ISS
Expedition 63,Robert L. Behnken,420,21-Jul-20,21-Jul-20,05:29:00,FALSE,FALSE,FALSE,30-05-2020,SpaceX Demo-2,ISS
